country,u,n_rows,n_distinct_j,n_j_with_factor,kg_per_unit_pooled_old,kg_per_unit_pooled_new,kg_per_j_min,kg_per_j_p25,kg_per_j_median,kg_per_j_p75,kg_per_j_max,ratio_max_min
Uganda,Piece (Medium),15527,61,23,0.4864864864864865,0.16666666666666666,0.04,0.15833333333333333,0.2857142857142857,0.4,0.9090909090909091,22.727272727272727
Uganda,Piece (Small),13082,60,19,0.32608695652173914,0.1,0.03666666666666667,0.06833333333333333,0.16666666666666666,0.2928571428571428,0.5,13.636363636363637
Uganda,Others specify,688,57,17,0.6,0.2613871635610766,0.0425,0.13333333532015482,0.17708333333333331,0.4666666666666667,0.5416666666666666,12.745098039215684
Uganda,---,925,55,1,2.6470588235294117,0.06458333333333333,0.016666666666666666,0.016666666666666666,0.016666666666666666,0.016666666666666666,0.016666666666666666,
Uganda,Heap (Medium),19282,49,15,0.5769230769230769,0.375,0.2,0.4064025616849022,0.5,0.6666666666666666,1.8333333333333335,9.166666666666666
Uganda,Piece (Big),7181,45,10,0.75,0.3,0.05,0.07634615384615384,0.17916666666666664,0.70625,1.8181818181818181,36.36363636363636
Uganda,Heap (Small),21685,44,16,0.3333333333333333,0.19736842105263158,0.1,0.19762336769395283,0.32291666666666663,0.525,1.125,11.25
Uganda,Heap (Big),8661,41,16,1.0,0.5882352941176471,0.4375,0.6436224489795919,0.75,1.0,2.0,4.571428571428571
Uganda,Number of Units (General),12596,41,9,0.6081081081081081,0.13953488372093023,0.059027777777777776,0.09722222222222221,0.2222222222222222,0.51,2.3333333333333335,39.529411764705884
Uganda,Heap (unspecified),16018,37,15,0.6505813953488373,0.28,0.05,0.20615079365079364,0.4166666666666667,0.7916666666666666,1.25,25.0
Uganda,Bunch (Medium),4984,30,0,4.0,2.5,,,,,,
Uganda,Bundle (Medium),5249,13,3,0.37037037037037035,0.15,0.3020833333333333,0.3166399572649573,0.33119658119658124,0.5405982905982907,0.75,2.4827586206896552
Uganda,Bundle (Unspecified),4583,12,5,0.358974358974359,0.12903225806451613,0.15625,0.30000000000000004,0.5,0.8333333333333334,1.4814814814814814,9.481481481481481
Uganda,Bundle (Small),5082,12,3,0.25,0.11666666666666667,0.15615384615384614,0.16141025641025641,0.16666666666666666,0.2833333333333333,0.4,2.5615763546798034
Uganda,Bundle (Big),2716,11,3,0.45454545454545453,0.17857142857142858,0.3125,0.5408653846153846,0.7692307692307693,0.8846153846153846,1.0,3.2
Uganda,Bunch (Big),2287,11,0,3.3333333333333335,2.5,,,,,,
Uganda,Table spoon,733,11,7,0.3409090909090909,0.125,0.02,0.043114177489177494,0.05972222222222222,0.06458333333333333,0.08213141025641026,4.106570512820513
Uganda,Cluster (Small),785,10,0,0.4444444444444444,0.2916666666666667,,,,,,
Uganda,Cluster (Medium),999,9,0,0.8333333333333334,0.5194902548725637,,,,,,
Uganda,Bunch (Small),4339,9,0,2.25,1.3888888888888888,,,,,,
Uganda,Fish Whole (Medium),2165,8,3,1.875,1.1666666666666667,0.4166666666666667,0.4696969696969697,0.5227272727272727,0.9743265993265994,1.425925925925926,3.4222222222222225
Uganda,Fish Whole (Small),2794,8,3,1.3333333333333333,0.6666666666666666,0.21875,0.2608901515151515,0.303030303030303,0.520959595959596,0.7388888888888889,3.3777777777777778
Uganda,Fish Whole  (Large),693,8,3,2.857142857142857,2.0,0.8333333333333334,0.8522727272727273,0.8712121212121212,1.305976430976431,1.7407407407407407,2.0888888888888886
Uganda,Akendo (Small),5818,7,2,0.4166666666666667,0.0625,0.09635384615384616,0.11914038461538462,0.1419269230769231,0.16471346153846153,0.1875,1.945952418968545
Uganda,Sack (unspecified),10,7,0,5.347222222222222,3.5555555555555554,,,,,,
Uganda,Tea spoon,314,7,4,0.27586206896551724,0.06666666666666667,0.02,0.029210164835164833,0.035931776556776554,0.05,0.08125,4.0625
Uganda,Cluster (Big),597,6,0,1.2,0.8108108108108109,,,,,,
Uganda,Tot (Unspecified),52,4,0,0.5833333333333334,0.19230769230769232,,,,,,
Uganda,Tot (sachet),227,4,1,0.9510416666666667,0.2155887230514096,0.05,0.05,0.05,0.05,0.05,
Uganda,Akendo (Medium),2934,3,0,0.4375,0.08571428571428572,,,,,,
Uganda,Akendo (Big),2163,3,0,0.45454545454545453,0.125,,,,,,
Uganda,Cluster (Unspecified),3,2,0,0.8,0.26666666666666666,,,,,,
Uganda,Container (Medium),143,2,2,1.0714285714285714,1.037037037037037,0.75,0.7625,0.775,0.7875000000000001,0.8,1.0666666666666667
Uganda,Fish Whole (Large),2,2,0,2.912790697674419,0.6438953488372093,,,,,,
Uganda,Crate,40,2,0,6.864942528735632,6.541666666666666,,,,,,
Uganda,Container (Small),452,2,2,0.5186206896551724,0.5357142857142857,0.375,0.40875,0.4425,0.47625,0.51,1.36
Uganda,Tobacco leaf (Number),568,2,0,0.17678571428571427,0.06538461538461537,,,,,,
Uganda,Container (Big),19,2,2,0.6521739130434783,1.1428571428571428,0.875,0.89625,0.9175,0.93875,0.96,1.0971428571428572
Uganda,Container (Smallest),37,1,1,0.4181818181818182,0.47631048387096775,0.26,0.26,0.26,0.26,0.26,
Uganda,Tray of 30 eggs,137,1,0,2.3333333333333335,2.5,,,,,,
Malawi,Piece,62096,133,72,0.5,0.10357142857142858,0.001,0.05168749974668026,0.15192307692307694,0.25846754807692307,1.8333333333333335,1833.3333333333335
Malawi,Other (Specify),929,101,36,0.9090909090909091,0.4639175257731959,0.006750000000000001,0.11220930232558139,0.3300000022351742,1.083984375,11.83934464967048,1753.9769851363671
Malawi,Heap,38760,90,49,0.637065637065637,0.27906976744186046,0.01,0.1525000035762787,0.21052631578947367,0.3666666666666667,1.895770628392483,189.5770628392483
Malawi,Tina,8515,60,33,0.72,0.4116766467065868,0.047,0.1583333344509204,0.3333333333333333,0.4499999899417162,1.9230769230769231,40.91653027823241
Malawi,Piece (Large),1790,59,28,0.5714285714285714,0.176,0.03986666666666667,0.12,0.28812499999999996,0.41575,1.92,48.16053511705685
Malawi,No. 10 plate,9872,59,28,0.2674131274131274,0.125,0.011363636363636364,0.096875,0.125,0.1875,1.0,88.0
Malawi,Piece (Medium),3137,58,27,0.43700000000000006,0.10997732426303855,0.04957160342717258,0.09999999999999999,0.21,0.32290625,1.1637499999999998,23.47614197530864
Malawi,Cup,1393,57,23,0.5,0.25,0.03015075376884422,0.12545795809105986,0.25,0.3562962960727789,0.5333333333333333,17.68888888888889
Malawi,Piece (Small),2166,56,32,0.3333333333333333,0.075,0.0025,0.06458333333333334,0.17233072916666667,0.39312500000000006,2.2095697252462414,883.8278900984966
Malawi,No 10 Plate,1542,53,19,0.5263157894736842,0.3157894736842105,0.016,0.14140981735159816,0.25,0.4083333333333333,0.8333333333333333,52.08333333333333
Malawi,Other,660,48,12,0.25,0.09090909090909091,0.003787878787878788,0.024313065326633167,0.08846153846153847,0.2793269230769231,0.5,132.0
Malawi,Packet,6928,48,29,1.0706199460916443,1.0080000102519988,0.001,0.073125,0.10500000417232513,0.26,36.01483333234985,36014.83333234985
Malawi,Heap (Small),1235,46,17,0.3636111111111111,0.2,0.0984931506849315,0.22700000000000004,0.3384136858475894,0.6799999999999999,1.305,13.249652294853965
Malawi,No.12 Plate,753,45,18,0.63,0.36809815950920244,0.04,0.3352272727272727,0.37749999999999995,0.4861111111111111,1.305,32.625
Malawi,Heap (Medium),1261,44,19,0.48456292365415315,0.25,0.16643835616438354,0.34420684292379466,0.47916666666666663,0.9771249999999999,2.145,12.887654320987656
Malawi,No. 12 plate,1432,43,27,0.30800000000000005,0.2,0.022727272727272728,0.21000000000000002,0.3333333333333333,0.5768398268398268,1.0,44.0
Malawi,No.10 Plate (Flat),2679,41,19,0.32857142857142857,0.23333333333333334,0.01,0.1466181506849315,0.28,0.5354166666666667,4.3168719649670475,431.68719649670476
Malawi,Satchet/Tube,12884,40,14,0.23684210196096145,0.13075000047683716,0.001,0.02125,0.061490863787375415,0.17118055555555556,51.5625,51562.5
Malawi,No.10 Plate (Heaped),3505,39,17,0.48,0.2777777777777778,0.03,0.15625,0.28500000000000003,0.4166666666666667,11.392499999999998,379.74999999999994
Malawi,Basin,284,38,12,0.3333333333333333,0.1451127819548872,0.00487012987012987,0.18753768844221105,0.5480769230769231,1.3385417001942794,5.0,1026.6666666666667
Malawi,Pail,460,38,13,2.0487804878048785,2.0,0.7075838949370934,1.26,2.4,4.5,6.96,9.836289448926431
Malawi,Heap (Large),1108,37,15,0.5666666666666667,0.28,0.03571428571428571,0.4121666666666667,0.8460342146189735,0.99875,2.3499999999999996,65.8
Malawi,Pail (Small),656,34,17,2.0,1.8377192982456139,0.09,1.0104166666666667,3.1800000000000006,4.0,6.898125,76.64583333333334
Malawi,Pail large,170,33,6,1.9375,2.4929378531073447,6.666666666666667,9.916176470588235,12.132352941176471,14.375,15.0,2.25
Malawi,Plate,384,30,4,1.337162162162162,0.7000000000000001,0.021875,0.1533854166666667,0.24236111111111114,0.340625,0.5,22.857142857142858
Malawi,Bunch,7337,30,14,0.3,0.06666666666666667,0.0225,0.1552500002682209,0.22055555555555556,0.47375,2.2235555555555555,98.8246913580247
Malawi,Satchet/Tube/Packet,1863,28,10,0.3820820298922488,0.14814814814814814,0.007575757575757576,0.02892857142857143,0.04441809988911695,0.16923076923076924,0.5833333333333334,77.0
Malawi,Pail small,164,27,10,1.380952380952381,1.4642857142857144,1.0,4.2,7.916666666666666,11.323529411764707,12.5,12.5
Malawi,Teaspoon,5798,27,13,0.10893162393162392,0.048,0.00254385968702927,0.006666666666666667,0.011607142857142858,0.026234567901234566,0.3333333333333333,131.03448080605475
Malawi,Tin,56,26,3,1.35,1.2,0.08125,0.11133207070707071,0.14141414141414144,0.40091540404040404,0.6604166666666667,8.128205128205128
Malawi,Pail (Medium),384,24,7,3.75,3.5714285714285716,0.13043478260869565,0.8695312333106995,4.8,7.114450549450549,11.681581685744018,89.55879292403748
Malawi,Bunch (Medium),2408,23,8,0.4,0.14285714285714285,0.22830985915492957,0.32461693548387094,0.46484375,0.55075,2.52,11.03763109191857
Malawi,Pail (Large),350,23,7,4.666666666666667,4.47,1.5416666666666667,8.30375,10.440000000000001,12.571428571428571,15.479999999999999,10.04108108108108
Malawi,No 12 Plate,2151,22,15,0.28,0.2450000023841858,0.08874999781449636,0.260625,0.37259615384615385,0.4729328793774319,1.2058333476384482,13.586854955859934
Malawi,Bottle,479,21,4,1.5,0.5,0.1,0.17500000000000002,0.255,0.33852678571428574,0.42410714285714285,4.241071428571428
Malawi,Bottle (Small),394,21,8,0.9442832138012549,0.413591755582433,0.1516666611035665,0.2924288438392743,0.33247024122448193,0.4109848484848485,0.542247191011236,3.5752563356093083
Malawi,Bunch (Large),1953,18,10,0.4605263157894737,0.16666666666666669,0.14,0.3724344758064516,0.5526666666666666,0.975,3.0000000000000004,21.42857142857143
Malawi,nan,34,18,1,,0.05654761904761905,0.002442561645436485,0.002442561645436485,0.002442561645436485,0.002442561645436485,0.002442561645436485,
Malawi,Bunch (Small),1527,17,7,0.30761154369052035,0.09547314578005114,0.1153225806451613,0.15337499999999998,0.192,0.2794882629107981,0.5333333333333333,4.624708624708624
Malawi,Basket shelled,33,17,1,1.3333333333333333,0.7692307692307693,5.0,5.0,5.0,5.0,5.0,
Malawi,Tablespoon,1820,16,12,0.18666666666666668,0.0375,0.007000000000000001,0.00895982142857143,0.01127297410192147,0.020542002012072434,0.044583333333333336,6.369047619047619
Malawi,Packet Unspecified,150,15,5,0.41399999856948855,0.15725000016391277,0.023000000044703487,0.03119999885559082,0.06666666666666667,0.1107427234533484,0.43902439024390244,19.088016930026154
Malawi,Basin (Small),201,15,7,0.974025974025974,0.96,0.8863758424056403,0.9232560303179975,1.40592591519709,1.4758928482021605,2.8125,3.1730332274927795
Malawi,Satchet/Tube (Small),1126,13,5,0.32731360946745564,0.12,0.01,0.0332313341493268,0.0625,0.11125,0.645,64.5
Malawi,Satchet,325,13,6,0.18847352395133704,0.12999999523162842,0.023000000044703487,0.03174999952316284,0.06766666571299235,0.09583333445092042,0.1107427234533484,4.814901010352415
Malawi,No. 24 Plate,26,13,1,1.6809338521400778,0.8152173913043479,1.2,1.2,1.2,1.2,1.2,
Malawi,Packet (Small),118,12,3,0.27749999053776264,0.15000000596046448,0.0125,0.0616213617266742,0.1107427234533484,0.17203802839334087,0.23333333333333334,18.666666666666664
Malawi,Satchet/Tube (Large),1918,11,3,0.5784051724137931,0.19712415932610222,0.04957160342717258,0.08627017671358629,0.12296875,0.12398437500000001,0.125,2.521604938271605
Malawi,Polythene Bag,37,10,3,0.29892518440463645,0.32056359737766527,0.08333333333333333,0.16666666666666666,0.25,0.39687499552965166,0.5437499910593033,6.52499989271164
Malawi,"Heap (Small, special)",56,10,1,0.6,0.3199110122358176,0.16,0.16,0.16,0.16,0.16,
Malawi,Whole,39,10,2,3.8655462184873954,3.9141537592961235,1.68,2.2944827586206897,2.9089655172413793,3.5234482758620693,4.137931034482759,2.4630541871921183
Malawi,Basket unshelled,19,10,1,1.125,1.1153225806451612,3.3333333333333335,3.3333333333333335,3.3333333333333335,3.3333333333333335,3.3333333333333335,
Malawi,Satchet/Tube (Medium),1975,10,4,0.4605479452054794,0.1591936728395062,0.04957160342717258,0.09005129126775203,0.10385559360730592,0.10919270833333333,0.12427083333333333,2.5068955761316873
Malawi,Packet(Small),53,10,1,0.66,0.36,0.1642500006146729,0.1642500006146729,0.1642500006146729,0.1642500006146729,0.1642500006146729,
Malawi,Bottles,91,10,3,1.407857142857143,0.44000000000000006,0.105,0.19,0.275,0.4610294117647059,0.6470588235294118,6.162464985994398
Malawi,Small Packet,23,9,1,0.22648795360238827,0.12036097242603096,0.01625,0.01625,0.01625,0.01625,0.01625,
Malawi,Bundle,46,9,2,0.36105768783734393,0.1215,0.21000000000000002,0.21962499976158145,0.22924999952316286,0.23887499928474426,0.2484999990463257,1.183333328792027
Malawi,Table Spoon,46,8,2,0.25,0.20000000794728595,0.024305555555555556,0.058229165772597,0.09215277598963843,0.12607638620667988,0.1599999964237213,6.58285699571882
Malawi,Wrapped In Paper,243,8,3,0.155,0.14012738853503184,0.11160714285714286,0.11830357142857142,0.125,0.12916666666666665,0.13333333333333333,1.1946666666666665
Malawi,N/A,26,8,1,1.1282143080660276,0.5708571497235979,0.5729088123771879,0.5729088123771879,0.5729088123771879,0.5729088123771879,0.5729088123771879,
Malawi,No. 10 Plate,21,7,2,0.2674131274131274,0.24342105263157893,0.02,0.04625,0.0725,0.09875,0.125,6.25
Malawi,Satchet (Small),24,7,3,0.46916606584955545,0.20916666666666667,0.044642857142857144,0.04732142857142857,0.05,0.09018568086333709,0.13037136172667418,2.920318502677502
Malawi,No. 12 Plate,14,6,0,0.30800000000000005,0.198,,,,,,
Malawi,"Heap (Medium, special)",68,6,1,1.1476860583200348,0.4045979020979021,0.16,0.16,0.16,0.16,0.16,
Malawi,Slice,22,6,1,3.7393617021276597,3.1799999999999997,5.2,5.2,5.2,5.2,5.2,
Malawi,Satchet (Medium),75,5,3,0.5177837116154873,0.19868835257082898,0.049107142857142856,0.09122023809523809,0.13333333333333333,0.14166666666666666,0.15,3.0545454545454547
Malawi,Dozen,24,5,2,1.3949999809265137,1.1285377358490565,0.8220000006258488,0.8860312553588301,0.9500625100918114,1.0140937648247927,1.078125019557774,1.3115876140351808
Malawi,"Heap (Large, special)",83,5,1,0.8291666666666667,0.36250000000000004,0.16,0.16,0.16,0.16,0.16,
Malawi,Small Bottle,7,5,0,0.8000000317891439,0.8000000317891439,,,,,,
Malawi,Polythene Bag (Small),13,5,1,0.4,0.35294117647058826,0.34500000000000003,0.34500000000000003,0.34500000000000003,0.34500000000000003,0.34500000000000003,
Malawi,Tray,17,5,1,3.7037037037037037,3.2941176470588234,1.6208333333333333,1.6208333333333333,1.6208333333333333,1.6208333333333333,1.6208333333333333,
Malawi,Tina (Small),18,5,1,0.35416666666666663,0.2801513128615932,0.34500000000000003,0.34500000000000003,0.34500000000000003,0.34500000000000003,0.34500000000000003,
Malawi,Jumbo,42,4,2,0.8615384615384616,0.6976744186046513,0.19,0.28250000000000003,0.375,0.4675,0.56,2.947368421052632
Malawi,Tube,9,4,1,0.4,0.26666666666666666,0.046511627906976744,0.046511627906976744,0.046511627906976744,0.046511627906976744,0.046511627906976744,
Malawi,N0. 24 Plate,9,4,0,1.141304347826087,1.141304347826087,,,,,,
Malawi,No.24 Plate,5,4,0,0.8250000000000001,1.08,,,,,,
Malawi,Mango,20,4,2,0.5050602409638554,0.34285714285714286,0.5633136094674557,0.9724852071005918,1.3816568047337279,1.7908284023668641,2.2,3.9054621848739495
Malawi,Cluster,2031,4,2,0.6,0.5138095238095238,1.6899408284023671,1.8341222879684422,1.978303747534517,2.122485207100592,2.266666666666667,1.3412698412698412
Malawi,Packet Medium,16,4,1,0.2460000067949295,0.2460000067949295,0.05,0.05,0.05,0.05,0.05,
Malawi,Heap(Small),6,4,0,0.5277272727272726,0.4442857142857143,,,,,,
Malawi,Small Tin,9,4,0,1.5492957746478875,1.550058019778131,,,,,,
Malawi,Ndowa,3,3,0,4.75,4.75,,,,,,
Malawi,Piece Medium,7,3,0,0.15269709543568466,0.10553846153846155,,,,,,
Malawi,Sachet,12,3,1,0.68875,0.20823529411764707,0.23750000000000002,0.23750000000000002,0.23750000000000002,0.23750000000000002,0.23750000000000002,
Malawi,Bucket,3,3,0,2.0,2.0,,,,,,
Malawi,Small Sachet,3,3,0,0.15727902499913451,0.07863951249956726,,,,,,
Malawi,Plate (Small),9,3,1,0.378,0.30800000000000005,0.25,0.25,0.25,0.25,0.25,
Malawi,Plastic,3,3,0,0.9950980392156863,0.38725490196078427,,,,,,
Malawi,Bale,3,3,0,1.1801652892561985,0.18674698795180725,,,,,,
Malawi,Tina Flat,9,3,1,0.3428571479661124,0.3428571479661124,0.23999999463558197,0.23999999463558197,0.23999999463558197,0.23999999463558197,0.23999999463558197,
Malawi,Packet (Large),4,3,0,1.0335276279575172,1.0335276279575172,,,,,,
Malawi,Crate,11,3,0,14.285714285714286,14.285714285714286,,,,,,
Malawi,Whole Loaf Of Bread,26,2,1,1.65,0.7058823529411765,0.4666666666666667,0.4666666666666667,0.4666666666666667,0.4666666666666667,0.4666666666666667,
Malawi,16a,2,2,0,0.6427850366923215,0.38278503669232145,,,,,,
Malawi,Small Heap,4,2,0,0.3197786199247449,0.22570883320269797,,,,,,
Malawi,Serving,38,2,1,0.8000000317891439,0.45000001788139343,0.19999999552965164,0.19999999552965164,0.19999999552965164,0.19999999552965164,0.19999999552965164,
Malawi,Sachetubesmall,2,2,0,0.275,0.275,,,,,,
Malawi,Pot,2,2,0,2.2537932460845083,2.2537932460845083,,,,,,
Malawi,Plastic Container,8,2,1,0.734823296267753,0.734823296267753,0.18,0.18,0.18,0.18,0.18,
Malawi,Batches,21,2,2,0.5950000062584877,0.08500000089406967,0.09359999895095826,0.1183249980211258,0.14304999709129335,0.16777499616146088,0.19249999523162842,2.056623903729837
Malawi,Head,30,2,1,0.8115854700854701,0.45000000000000007,1.75,1.75,1.75,1.75,1.75,
Malawi,Box,2,2,0,1.5066666666666668,1.1733333333333333,,,,,,
Malawi,Satchet (Large),31,2,1,0.66,0.32653061224489793,0.08928571428571429,0.08928571428571429,0.08928571428571429,0.08928571428571429,0.08928571428571429,
Malawi,Packets,6,2,0,1.589014598540146,3.095669934640523,,,,,,
Malawi,Packet Large,2,2,0,2.9144323826793874,2.9144323826793874,,,,,,
Malawi,Small,2,2,0,0.215,0.215,,,,,,
Malawi,Chicken,8,2,1,4.676923076923077,4.676923076923077,2.1,2.1,2.1,2.1,2.1,
Malawi,Carton,2,2,0,3.9912508851193365,3.9912508851193365,,,,,,
Malawi,Sqchet,2,2,0,0.08372093023255814,0.08372093023255814,,,,,,
Malawi,16b,2,2,0,0.5575,0.46749999999999997,,,,,,
Malawi,Drum Head,6,2,1,0.3046526867627785,0.3046526867627785,1.22,1.22,1.22,1.22,1.22,
Malawi,Khofi Plate,6,2,0,0.23529850746268655,0.23529850746268655,,,,,,
Malawi,Coffee,25,2,1,0.24380121733818566,0.2190096540627514,0.125,0.125,0.125,0.125,0.125,
Malawi,Mililitres (500),8,2,0,0.9578454332552694,1.629032258064516,,,,,,
Malawi,Mulingo,2,2,0,3.040093457943925,0.9950467289719627,,,,,,
Malawi,Lunch Box,8,2,0,3.0421455938697317,0.8147783251231526,,,,,,
Malawi,Medium Bottle,2,2,0,0.6215007106511077,0.3321669035503692,,,,,,
Malawi,Tube /Sachet,117,2,2,0.3875,0.2,0.08928571428571429,0.10029761904761905,0.1113095238095238,0.12232142857142857,0.13333333333333333,1.4933333333333332
Malawi,4 Bottles,2,2,0,2.0,0.251,,,,,,
Malawi,Heap(Mediun),2,2,0,0.9107857142857142,0.7330714285714285,,,,,,
Malawi,Tube (Medium),58,2,2,0.5,0.21909090909090911,0.08928571428571429,0.10029761904761905,0.1113095238095238,0.12232142857142857,0.13333333333333333,1.4933333333333332
Malawi,Tube (Large),25,2,1,0.56,0.2956062424969988,0.08928571428571429,0.08928571428571429,0.08928571428571429,0.08928571428571429,0.08928571428571429,
Malawi,Tina(Flat),2,2,0,1.01125,1.01125,,,,,,
Malawi,1Plate,2,2,0,4.9232,1.7231999999999998,,,,,,
Malawi,Tina(Small),2,2,0,0.4918350168350169,0.34137205387205394,,,,,,
Malawi,Tin (Small),2,2,0,1.1425939050318923,1.1425939050318923,,,,,,
Malawi,1Sachet,2,2,0,0.28598388952819337,0.28598388952819337,,,,,,
Malawi,Tina (Large),5,2,0,0.4,0.14285714285714285,,,,,,
Malawi,Tina Heaped,12,2,1,0.6333333452542622,0.592682932502524,0.3199999928474426,0.3199999928474426,0.3199999928474426,0.3199999928474426,0.3199999928474426,
Malawi,2Sachet,2,2,0,0.1181818181818182,0.0590909090909091,,,,,,
Malawi,Basket,1,1,0,1.0774774774774776,1.0774774774774776,,,,,,
Malawi,10 Units,1,1,0,2.3404255319148937,0.2600472813238771,,,,,,
Malawi,10Satchet,1,1,0,0.09473684210526317,0.09473684210526317,,,,,,
Malawi,12 Bottles,1,1,0,5.04,0.42,,,,,,
Malawi,12Pieces,1,1,0,0.11666666666666667,0.11666666666666667,,,,,,
Malawi,12a,1,1,0,0.31578947368421056,0.31578947368421056,,,,,,
Malawi,12b,1,1,0,0.78,0.195,,,,,,
Malawi,Tina (Heaped),1,1,0,1.0505836575875487,0.35019455252918286,,,,,,
Malawi,Tina Falt,1,1,0,0.21599999070167542,0.21599999070167542,,,,,,
Malawi,Tina For Chips,1,1,0,1.2806201617445956,0.2561240323489191,,,,,,
Malawi,Teabags,1,1,0,0.035,0.005,,,,,,
Malawi,Three Full Bottles,1,1,0,0.5254164299271206,0.17513880997570686,,,,,,
Malawi,Thungwa Of Khwanya,1,1,0,0.25,0.25,,,,,,
Malawi,Times,1,1,0,3.3962263792869916,1.1320754597623306,,,,,,
Malawi,Tin100,1,1,0,1.0775862068965518,1.0775862068965518,,,,,,
Malawi,Takeaway Box,1,1,0,3.9999999552965155,1.3333333184321718,,,,,,
Malawi,Tea & Buns,1,1,0,1.4943396226415095,1.4943396226415095,,,,,,
Malawi,Two Bananas,1,1,0,0.09473684408658097,0.04736842204329048,,,,,,
Malawi,Two Plates Of Nsima And Beef,1,1,0,3.0,1.5,,,,,,
Malawi,Tina Plate,2,1,0,0.5695010634526764,0.5695010634526764,,,,,,
Malawi,Tindrinks,1,1,0,2.187547169811321,1.0937735849056605,,,,,,
Malawi,Tins,1,1,0,5.9124920899181355,1.9708306966393785,,,,,,
Malawi,Tonec,1,1,0,2.686153925382174,0.895384641794058,,,,,,
Malawi,Toti,1,1,0,0.5833333333333334,0.08333333333333333,,,,,,
Malawi,1Ndasi,2,1,0,0.1463588880362403,0.1463588880362403,,,,,,
Malawi,Bags,1,1,0,1.6666666666666667,0.8333333333333334,,,,,,
Malawi,Bakery Donas,1,1,0,1.100896096908076,0.3669653656360254,,,,,,
Malawi,Banches,1,1,0,0.133333338631524,0.066666669315762,,,,,,
Malawi,Bar,3,1,0,2.3529411764705883,1.04,,,,,,
Malawi,1Mlambe,1,1,0,0.11538461538461538,0.11538461538461538,,,,,,
Malawi,6 Pack,1,1,0,5.538461538461538,5.538461538461538,,,,,,
Malawi,6Packs,1,1,0,2.8,1.4,,,,,,
Malawi,7 Plates Meal,1,1,0,13.338888888888889,1.9055555555555554,,,,,,
Malawi,7Buns,1,1,0,1.034,0.1477142857142857,,,,,,
Malawi,Acres,1,1,0,1.42834008097166,0.71417004048583,,,,,,
Malawi,Amediumpall,1,1,0,5.0,5.0,,,,,,
Malawi,B,1,1,0,0.835258358662614,0.0556838905775076,,,,,,
Malawi,Badin Small,1,1,0,1.371539582458508,1.371539582458508,,,,,,
Malawi,3 Cups Of Tea,1,1,0,0.76,0.25333333333333335,,,,,,
Malawi,4 Meals At 150,1,1,0,6.464864864864865,1.6162162162162161,,,,,,
Malawi,Jar,1,1,0,1.5,1.5,,,,,,
Malawi,Jiggies,1,1,0,0.56,0.18666666666666668,,,,,,
Malawi,Juicebox,2,1,0,1.5492277992277992,0.30984555984555984,,,,,,
Malawi,K100Packetp,1,1,0,0.2,0.2,,,,,,
Malawi,Heap'S,1,1,0,1.6799999624490738,0.23999999463558197,,,,,,
Malawi,Milltre,1,1,0,0.21428571428571427,0.0006122448979591836,,,,,,
Malawi,Milters,1,1,0,0.7650000080466269,0.0010200000107288359,,,,,,
Malawi,Mitanda,1,1,0,1.6935483870967742,0.42338709677419356,,,,,,
Malawi,Mkoko,1,1,0,1.4000000000000001,1.4000000000000001,,,,,,
Malawi,Mlamba,1,1,0,1.2571428571428571,0.6285714285714286,,,,,,
Malawi,Medium Sachet,1,1,0,0.20257235184995745,0.20257235184995745,,,,,,
Malawi,Medium Tin,1,1,0,1.9708306966393785,1.9708306966393785,,,,,,
Malawi,Medium Tins,1,1,0,0.9051428562929834,0.4525714281464917,,,,,,
Malawi,Mediumbottle,1,1,0,1.1016393442622952,1.1016393442622952,,,,,,
Malawi,Mediumtin,1,1,0,1.0845070422535212,2.1690140845070425,,,,,,
Malawi,Mice,3,1,0,3.0387596899224807,0.13883333333333334,,,,,,
Malawi,Miligram,1,1,0,0.39111111111111113,0.013037037037037038,,,,,,
Malawi,Mbale,1,1,0,0.30999999999999994,0.30999999999999994,,,,,,
Malawi,Meal,133,1,0,2.9224776639790804,1.1464285714285714,,,,,,
Malawi,Meals,67,1,0,3.2222222222222223,1.0095498024614262,,,,,,
Malawi,Meals At Work,1,1,0,14.285714285714286,1.4285714285714286,,,,,,
Malawi,Meals Eaten At Restaurant,1,1,0,28.37573385518591,4.729288975864319,,,,,,
Malawi,Medium Packet,1,1,0,0.08333333333333333,0.08333333333333333,,,,,,
Malawi,Largespoon,1,1,0,,,,,,,,
Malawi,Largetubbe,1,1,0,0.4,0.4,,,,,,
Malawi,Lichero,1,1,0,5.050434782608697,1.6834782608695655,,,,,,
Malawi,Lipoko,1,1,0,0.7287671232876713,0.3643835616438357,,,,,,
Malawi,Litre Container,1,1,0,4.605263157894737,2.3026315789473686,,,,,,
Malawi,Loaf,53,1,1,1.5,0.75,0.5133333333333334,0.5133333333333334,0.5133333333333334,0.5133333333333334,0.5133333333333334,
Malawi,Loaves,1,1,0,2.25,0.75,,,,,,
Malawi,Otherbucket,1,1,0,2.75,1.375,,,,,,
Malawi,Ox-Cart (Unshelled),2,1,0,0.5343379446640316,0.5343379446640316,,,,,,
Malawi,Oxcart,1,1,0,1.1666666666666667,1.1666666666666667,,,,,,
Malawi,Pack,1,1,0,0.8181818181818181,0.8181818181818181,,,,,,
Malawi,Packerts,1,1,0,0.5308474440280646,0.17694914800935488,,,,,,
Malawi,Nsima Plate,8,1,0,1.0271951219512196,1.0271951219512196,,,,,,
Malawi,Nsima Plate (Phazi),1,1,0,0.21818181818181817,0.21818181818181817,,,,,,
Malawi,Nsima With Chicken,1,1,0,49.43895978810499,0.4943895978810499,,,,,,
Malawi,One Cup,1,1,0,0.3125,0.3125,,,,,,
Malawi,One Piece,1,1,0,0.375,0.375,,,,,,
Malawi,One Plate,1,1,0,0.6208304969366917,0.6208304969366917,,,,,,
Malawi,Onelittle,1,1,0,2.7441818181818176,2.7441818181818176,,,,,,
Malawi,Cup Of Tea & Two Score,1,1,0,3.111111111111111,0.5185185185185186,,,,,,
Malawi,Custard,1,1,0,2.627774262185838,0.6569435655464595,,,,,,
Malawi,Dish Of Nsima And Beef,1,1,0,0.9516129032258065,0.9516129032258065,,,,,,
Malawi,Chocolate Bar,1,1,0,0.5572609208972845,0.5572609208972845,,,,,,
Malawi,Clate,1,1,0,9.8,9.8,,,,,,
Malawi,Clove,2,1,0,0.12333333492279053,0.12333333492279053,,,,,,
Malawi,Container Small,1,1,0,0.9449142790651638,0.1574857131775273,,,,,,
Malawi,Containersmall,1,1,0,0.9183673469387754,0.9183673469387754,,,,,,
Malawi,Kg Packet,1,1,0,2.8079999685287476,2.8079999685287476,,,,,,
Malawi,Khofi,2,1,0,0.17431578947368417,0.17431578947368417,,,,,,
Malawi,Kipsmedium,1,1,0,11.34,3.78,,,,,,
Malawi,Kkilogram,1,1,0,0.3240000009536743,0.3240000009536743,,,,,,
Malawi,Krate,1,1,0,28.679497319504474,28.679497319504474,,,,,,
Malawi,Lajaandonga,1,1,0,0.757556270096463,0.3787781350482315,,,,,,
Malawi,Large Packet,1,1,0,0.638913532672761,0.638913532672761,,,,,,
Malawi,K100Tube,1,1,0,0.5454545454545454,0.18181818181818182,,,,,,
Malawi,K20 Packet,1,1,0,1.1627999999999998,0.12919999999999998,,,,,,
Malawi,K40 Packet,2,1,0,2.6304,0.3092,,,,,,
Malawi,K5 Packet,2,1,0,0.1437052078356426,0.03155956362478102,,,,,,
Malawi,K50,1,1,0,0.07142857142857142,0.07142857142857142,,,,,,
Malawi,K50Packet,2,1,0,0.2777925531914894,0.1607712765957447,,,,,,
Malawi,Kamba Packet,1,1,0,0.09438987344326713,0.09438987344326713,,,,,,
Malawi,Kampango Big,1,1,0,3.48,1.74,,,,,,
Malawi,Heaplarge,1,1,0,1.0181818181818183,0.3393939393939394,,,,,,
Malawi,Heard,2,1,0,0.49354221829949985,0.49354221829949985,,,,,,
Malawi,Insmallpape,1,1,0,0.09618750000000001,0.09618750000000001,,,,,,
Malawi,No10Plate,1,1,0,0.084,0.084,,,,,,
Malawi,Nsiam And Beef,1,1,0,1.4285714285714286,1.4285714285714286,,,,,,
Malawi,Nsima And Meat,1,1,0,1.5,1.5,,,,,,
Malawi,Nsima And Ndiwo,1,1,0,1.5450643776824036,1.5450643776824036,,,,,,
Malawi,Piece(Medium),1,1,0,0.2857142857142857,0.04761904761904762,,,,,,
Malawi,Pieces,2,1,0,0.944634703196347,0.3160673515981735,,,,,,
Malawi,Pieces Of Chicken,1,1,0,1.113061224489796,0.2226122448979592,,,,,,
Malawi,Pinch,1,1,0,0.09333333333333334,0.013333333333333336,,,,,,
Malawi,Pail(Small),1,1,0,0.8772696245733789,0.8772696245733789,,,,,,
Malawi,Pani,1,1,0,1.1119999885559082,0.5559999942779541,,,,,,
Malawi,Paper Bag,40,1,1,0.25,0.24084705882352941,0.1,0.1,0.1,0.1,0.1,
Malawi,Packeys,1,1,0,0.08,0.04,,,,,,
Malawi,Packket,1,1,0,0.175,0.0875,,,,,,
Malawi,Bottls,1,1,0,1.7270471217393608,0.4317617804348402,,,,,,
Malawi,Botttle,1,1,0,0.17518248505454892,0.08759124252727446,,,,,,
Malawi,Bowl,1,1,0,2.4,2.4,,,,,,
Malawi,Box Small,1,1,0,3.779657116260655,3.779657116260655,,,,,,
Malawi,Big Packet,1,1,0,4.625,0.6607142857142857,,,,,,
Malawi,Botles,1,1,0,5.750000104308128,1.437500026077032,,,,,,
Malawi,Bottle (Very Small),1,1,0,1.460674157303371,2.921348314606742,,,,,,
Malawi,Halflitre,1,1,0,0.4529411764705883,0.4529411764705883,,,,,,
Malawi,Halflittle,1,1,0,1.4666666666666668,1.4666666666666668,,,,,,
Malawi,Hall Fruit,1,1,0,0.15000000596046448,0.15000000596046448,,,,,,
Malawi,Handful,14,1,1,0.32822429906542055,0.34795032646268087,0.21875,0.21875,0.21875,0.21875,0.21875,
Malawi,Heads,1,1,0,0.5,0.125,,,,,,
Malawi,Fresh Beans (Heaps),1,1,0,1.2443946188340806,0.15554932735426008,,,,,,
Malawi,Full Bottle,1,1,0,1.9047619047619047,0.23809523809523808,,,,,,
Malawi,Glass,1,1,0,1.33333338631524,1.33333338631524,,,,,,
Malawi,Half Full Palm,1,1,0,0.1026,0.1026,,,,,,
Malawi,Half Liter,1,1,0,0.6899999976158142,0.6899999976158142,,,,,,
Malawi,Half Litr,1,1,0,0.24242424242424243,0.24242424242424243,,,,,,
Malawi,Half Loaf,2,1,0,0.5635091744957692,0.5635091744957692,,,,,,
Malawi,Half Packet,1,1,0,0.6669399016936343,0.6669399016936343,,,,,,
Malawi,Crete,1,1,0,5.32,5.32,,,,,,
Malawi,Cubes,1,1,0,0.2,0.1,,,,,,
Malawi,Pail (Unspecified),1,1,0,6.900000125169754,6.900000125169754,,,,,,
Malawi,Packet Kamba,1,1,0,0.07028571379428,0.07028571379428,,,,,,
Malawi,Packet Mdium,1,1,0,0.1351648351374835,0.1351648351374835,,,,,,
Malawi,Sachey,1,1,0,0.15000000596046448,0.15000000596046448,,,,,,
Malawi,Quoter Bottle,1,1,0,0.7149846923283812,0.7149846923283812,,,,,,
Malawi,Quoter Litre Bottle,1,1,0,0.5185185185185185,0.5185185185185185,,,,,,
Malawi,Raider,1,1,0,1.429522481700941,0.09530149878006275,,,,,,
Malawi,Rice Meal,2,1,0,1.5,1.5,,,,,,
Malawi,Sachets / Packet,1,1,0,0.3333333333333333,0.08333333333333333,,,,,,
Malawi,Sachetubelarge,1,1,0,0.33962264150943394,0.11320754716981132,,,,,,
Malawi,Poto,1,1,0,0.6666666666666666,0.6666666666666666,,,,,,
Malawi,Pqcket,1,1,0,3.106060606060606,3.106060606060606,,,,,,
Malawi,Puffs,1,1,0,2.8518110236220475,1.4259055118110238,,,,,,
Malawi,Quarter,1,1,0,0.25168539580484933,0.25168539580484933,,,,,,
Malawi,Quarter Kg,1,1,0,1.26,5.04,,,,,,
Malawi,Quarterpaper,1,1,0,0.06330207305034552,0.06330207305034552,,,,,,
Malawi,Plate Mushroom,1,1,0,0.4493695070691632,0.4493695070691632,,,,,,
Malawi,Plate Of Chicken And Chips,1,1,0,1.5672963400236128,1.5672963400236128,,,,,,
Malawi,Plate Of Nsima,1,1,0,0.7499999999999999,0.7499999999999999,,,,,,
Malawi,Plate Of Nsima With Beef,1,1,0,1.7011494252873565,1.7011494252873565,,,,,,
Malawi,Plate Rice,3,1,0,1.2394957983193278,1.2394957983193278,,,,,,
Malawi,Pocket,1,1,0,0.11599999666213989,0.11599999666213989,,,,,,
Malawi,Small Pieces,1,1,0,0.4039344262295082,0.10098360655737705,,,,,,
Malawi,Small Sarchet,1,1,0,0.2898440608972792,0.0724610152243198,,,,,,
Malawi,Small Tiin,1,1,0,0.9516438928418689,0.9516438928418689,,,,,,
Malawi,Small Tina,1,1,0,0.3999999950329462,0.3999999950329462,,,,,,
Malawi,Small.Bottle,1,1,0,0.4128813453551614,0.4128813453551614,,,,,,
Malawi,Smallcatton,1,1,0,0.1972722844617633,0.3945445689235266,,,,,,
Malawi,Small Jumbo,1,1,0,0.7885304659498208,0.7885304659498208,,,,,,
Malawi,Small Khofi Plate,1,1,0,0.36213991769547327,0.1207133058984911,,,,,,
Malawi,Small Packet Gold Tea,1,1,0,0.14449696195408576,0.14449696195408576,,,,,,
Malawi,Small Packets,1,1,0,2.7719999849796295,0.1979999989271164,,,,,,
Malawi,Small Packets First Choice,1,1,0,1.1159999817609787,0.22319999635219573,,,,,,
Malawi,Small Packs,1,1,0,1.0285714444196599,0.25714286110491497,,,,,,
Malawi,Servong,1,1,0,0.6959999799728394,0.6959999799728394,,,,,,
Malawi,Seventeabag,1,1,0,0.13440000000000002,0.019200000000000002,,,,,,
Malawi,Tea And Bread,3,1,0,0.7111111111111112,0.7111111111111112,,,,,,
Malawi,Tea And Snacks,1,1,0,1.4775000214576721,0.36937500536441803,,,,,,
Malawi,Tea Bag,32,1,1,0.22085956691725778,0.02459679230988122,0.005803571428571429,0.005803571428571429,0.005803571428571429,0.005803571428571429,0.005803571428571429,
Malawi,Tea Bags,4,1,0,0.1825,0.016464285714285716,,,,,,
Malawi,Teabag,31,1,1,0.2,0.028571428571428574,0.008,0.008,0.008,0.008,0.008,
Malawi,Smallpaper,1,1,0,0.1,0.1,,,,,,
Malawi,Smalpackets,1,1,0,0.2,0.2,,,,,,
Malawi,Soya Pieces,4,1,0,0.5256769374416433,0.28594771241830064,,,,,,
Malawi,Soyabeanpieces,1,1,0,0.5402597402597402,0.2701298701298701,,,,,,
Malawi,Spoon,1,1,0,0.42,0.42,,,,,,
Malawi,Standard Bread,1,1,0,5.333333333333333,1.3333333333333333,,,,,,
Malawi,Buntch,1,1,0,0.4400243421777575,0.4400243421777575,,,,,,
Malawi,Cans,1,1,0,1.7142857142857142,0.2857142857142857,,,,,,
Malawi,Carlsberg Beer,1,1,0,31.200000000000003,0.78,,,,,,
Malawi,Carton Small,1,1,0,3.4698973076160136,3.4698973076160136,,,,,,
Malawi,Chigiba,1,1,0,6.637714285714286,6.637714285714286,,,,,,
Malawi,Chikang'A,1,1,0,0.25,0.25,,,,,,
Malawi,Brunch,1,1,0,0.08333333540293902,0.08333333540293902,,,,,,
Malawi,Buns,1,1,0,0.741080118694362,0.1852700296735905,,,,,,
Malawi,Bottle S,1,1,0,1.2053478062152863,0.4017826020717621,,,,,,
Malawi,Bottles Of Pure Water,1,1,0,1.4952292220990513,0.49840974069968375,,,,,,
Malawi,Small Box Tea Bags,1,1,0,0.618989835898067,0.618989835898067,,,,,,
Malawi,Small Container,1,1,0,2.0998095090336975,1.0499047545168487,,,,,,
Malawi,Satchetofraja,1,1,0,0.28,0.14,,,,,,
Malawi,Satchettube,1,1,0,1.05,0.525,,,,,,
Malawi,Saxhet,1,1,0,0.6169665809768637,0.6169665809768637,,,,,,
Malawi,Saxhwt,1,1,0,1.25,0.25,,,,,,
Malawi,Scones,1,1,0,1.75,0.35,,,,,,
Malawi,Scud,4,1,0,1.773382064504325,0.38603362054650125,,,,,,
Malawi,Whole Cabbage,1,1,0,0.2264516129032258,0.2264516129032258,,,,,,
Malawi,Whole Chicken,117,1,1,4.235294117647059,4.0249999999999995,1.26,1.26,1.26,1.26,1.26,
Malawi,Whole Duck,1,1,0,3.125,3.125,,,,,,
Malawi,Whole Rabbit,2,1,0,4.870689655172414,4.870689655172414,,,,,,
Malawi,Two Tubes,2,1,0,0.2522,0.1261,,,,,,
Malawi,Twopiece,1,1,0,0.2641509433962264,0.1320754716981132,,,,,,
Malawi,Unit,8,1,1,2.5374384236453205,1.1290344197380446,0.825,0.825,0.825,0.825,0.825,
Malawi,Velmot,2,1,0,5.2799999713897705,2.6399999856948853,,,,,,
Malawi,Veremoti,1,1,0,2.6,1.3,,,,,,
Malawi,Veremut,1,1,0,1.9359999895095827,1.9359999895095827,,,,,,
Malawi,Veta,1,1,0,3.558687766254485,1.7793438831272426,,,,,,
Malawi,Vetor,1,1,0,7.5400794328382235,3.7700397164191117,,,,,,
Malawi,Trip,1,1,0,2.4,2.4,,,,,,
Malawi,Tub,2,1,0,0.15662500013907749,0.15662500013907749,,,,,,
Malawi,4 Plate,1,1,0,2.5,0.625,,,,,,
Malawi,40 Packet,1,1,0,3.0669371196754565,0.21906693711967548,,,,,,
Malawi,4Sachets,1,1,0,0.12606060606060607,0.03151515151515152,,,,,,
Malawi,500Mgtin,1,1,0,4.565217391304348,4.565217391304348,,,,,,
Malawi,5Sachets,1,1,0,0.1,0.02,,,,,,
Malawi,2 Packets,1,1,0,0.057499999999999996,0.028749999999999998,,,,,,
Malawi,2 Packets Of Crisps,1,1,0,0.2907692307692308,0.1453846153846154,,,,,,
Malawi,2 Plates Ndiwo,1,1,0,0.0743362831858407,0.0743362831858407,,,,,,
Malawi,23 Dozen,1,1,0,1.6,1.6,,,,,,
Malawi,24 Days,1,1,0,1.6800000000000002,0.8400000000000001,,,,,,
Malawi,2Packets,1,1,0,0.7885714285714286,0.3942857142857143,,,,,,
Malawi,2Plates Of Nsima.,1,1,0,4.007920792079208,2.003960396039604,,,,,,
Malawi,1Plate Khofi,1,1,0,0.22248306997742667,0.22248306997742667,,,,,,
Nigeria,mudu,17178,98,88,1.25,0.44999999999999996,0.0024,0.1315,0.3275,0.7035714285714285,2.4249999165534897,1010.4166318972874
Nigeria,olodo,12528,87,75,0.6,0.12500000372529038,0.024000000357627838,0.16833333333333333,0.35,0.7265873015873017,3.779999856491093,157.49999167352965
Nigeria,paint rubber,3832,82,38,0.8395804228595644,0.6555059523809523,0.0735,0.6732007575757576,1.5234234234234236,2.983536580159755,160.0,2176.87074829932
Nigeria,milk cup,15373,74,42,0.29644957983193276,0.10703677510608203,0.028907967032967035,0.09840801830913053,0.14064674581403872,0.17796875,0.947983870967742,32.79316978211053
Nigeria,large mudu,3043,72,36,0.7142857142857143,0.40625,0.15000000000000002,0.7951896850979421,1.717,3.13125,18.333333333333336,122.22222222222221
Nigeria,medium heap,7894,63,39,0.23076923076923078,0.14814814814814814,0.015789473684210527,0.27778846153846154,0.8333333333333333,3.118888888888889,25.979322773404153,1645.357108982263
Nigeria,small piece,7122,61,35,0.2,0.06875,0.0025263157894736842,0.0496155753968254,0.1125,0.2375,1.6,633.3333333333334
Nigeria,large congo,1981,59,27,0.5664335664335665,0.4,0.3,0.6346153846153846,4.069444444444445,7.346370931571009,45.0,150.0
Nigeria,medium piece,11454,57,32,0.37916665971279084,0.15,0.0025263157894736842,0.071875,0.1754330947117561,0.35320312499999995,1.625,643.2291666666666
Nigeria,tin,4000,55,32,2.91170390752783,1.60000002384186,0.05,0.7970833333333334,1.3671225749536324,1.678438375742806,2.5,50.0
Nigeria,small heap,13138,53,29,0.14893617021276598,0.1,0.007578947368421052,0.125,0.275,0.5,3.475,458.50694444444446
Nigeria,other specify,553,47,6,0.1809090909090909,0.1,0.01,0.29642857142857143,1.221690522717489,3.2816041424327262,6.215000246961916,621.5000246961915
Nigeria,bin/basket,655,47,21,0.96,0.44999999999999996,0.0456,0.2546534680483472,0.7291666832235122,1.25,3.6363636363636362,79.74481658692184
Nigeria,small packet/sachet,5781,46,22,0.11875,0.029999999999999995,0.009411764705882352,0.021634214626243098,0.027500000322858542,0.05928125,0.4166666666666667,44.270833333333336
Nigeria,medium kobiowu,432,46,16,0.3861764705882353,0.946113782051282,0.013809523809523811,0.39022698612862544,1.6979166666666665,3.5363247863247866,7.916666666666666,573.2758620689654
Nigeria,cigarette cup,7336,46,28,0.5727272727272728,0.12000000327825569,0.03,0.14844771241830065,0.1925925925925926,0.2381250039736429,0.5094000040588382,16.98000013529461
Nigeria,medium derica,674,43,13,0.4,0.1826086956521739,0.135,0.18055555555555555,0.26,0.775,12.0,88.88888888888889
Nigeria,small mudu,3444,43,18,0.5520833333333334,0.2843910256410256,0.15000000000000002,0.4283088235294118,0.775462962962963,1.0088942307692308,2.0416666666666665,13.611111111111109
Nigeria,small bowl,1133,40,15,0.2,0.15492307692307694,0.125,0.2419230769230769,0.3875,0.6953431372549019,2.5,20.0
Nigeria,medium tiya,1599,39,19,0.9375,0.4916666666666667,0.28125,1.0659558823529411,1.463111620795107,2.470535714285714,82.21153846153847,292.3076923076923
Nigeria,large piece,2090,37,23,0.5,0.2673186750428327,0.003157894736842105,0.14129464285714285,0.25,0.40476190476190477,2.5375,803.5416666666667
Nigeria,large heap,1826,34,17,0.28,0.19480519480519481,0.07500000000000001,0.4375,0.75,1.516645180630839,6.302083333333334,84.02777777777777
Nigeria,None,422,33,2,0.51,0.08571428571428572,0.003933333333333334,0.01795,0.031966666666666664,0.045983333333333334,0.06,15.254237288135592
Nigeria,medium bowl,623,30,9,0.375,0.2631578947368421,0.075,0.375,0.4076923076923077,1.3230967935340647,5.0,66.66666666666667
Nigeria,small derica,386,30,12,0.13625,0.07092555331991951,0.037500000000000006,0.072,0.09876225490196078,0.1534926470588235,0.42999999999999994,11.466666666666663
Nigeria,large tiya,2323,30,16,1.2,0.5769230769230769,0.2375,1.0070588235294116,1.4682456252123686,2.4897357455835016,13.375,56.31578947368421
Nigeria,congo,2323,30,16,1.5,0.8400000062584877,0.36250000000000004,0.8464285714285714,1.0577777690357637,1.3812500198682145,5.062857035228182,13.966502166146707
Nigeria,small tiya,466,29,12,0.3414285714285714,0.31339285714285714,0.1375,0.5625,0.8190359477124183,1.1306912681912682,2.7569999635219586,20.050908825614243
Nigeria,large derica,400,28,8,0.6666666666666666,0.32,0.315,0.744791670805878,1.1125000218550385,1.7621951145139356,5.0,15.873015873015873
Nigeria,small congo,712,27,11,0.5233644859813085,0.2960833333333333,0.15250000000000002,0.4549107142857143,0.6911764705882353,0.9324412767963337,3.5,22.950819672131143
Nigeria,medium packet/sachet,1057,27,8,0.16666666666666666,0.03999999970197676,0.022117624223602486,0.031309389140271496,0.047746527777777784,0.179375,0.45833333333333337,20.722539125347375
Nigeria,Wrap,642,26,11,0.1503559811157298,0.08284313576535873,0.01239999989047645,0.01564999967813491,0.04500000178813925,0.17502776875815038,0.31559217164056425,25.450981808713397
Nigeria,large bowl,159,20,5,0.7159090909090908,0.49193548387096775,0.37187499999999996,0.46249999999999997,0.5625,1.1,1.925419380626065,5.177598334456646
Nigeria,small kobiowu,41,18,1,1.1065073917258128,0.652545486954735,1.0906666576862345,1.0906666576862345,1.0906666576862345,1.0906666576862345,1.0906666576862345,
Nigeria,large kobiowu,50,18,3,0.7228218694885362,1.4410110307546204,0.7692307692307693,1.2179487179487178,1.6666666666666665,25.833333333333332,50.0,65.0
Nigeria,kobiowu,109,16,7,1.1681818181818182,0.64,0.3870967741935483,0.7726217220855254,0.88,1.0208333333333335,1.5,3.8750000000000004
Nigeria,Sack/Bag,29,13,3,24.1683331330617,24.418333185215758,29.955556657579223,45.12777818573851,60.2999997138978,64.86513873741096,69.43027776092413,2.317776249481152
Nigeria,piece,603,11,2,0.5454545454545454,0.09701636244159477,0.030400000000000003,0.0378,0.045200000000000004,0.0526,0.06,1.9736842105263155
Nigeria,large packet/sachet,180,11,7,0.2,0.1094017094017094,0.06090686274509804,0.24777756211180124,0.3566875,0.4346153846153846,0.5416666666666667,8.893360160965797
Nigeria,Sachet,365,10,5,0.33273118309043476,0.10387256056291899,0.01000000014901162,0.024999999441206,0.041666666666666664,0.05625,0.12549800657116528,12.549800470109918
Nigeria,Basin Medium,15,10,0,3.1578947368421053,2.8000000000000003,,,,,,
Nigeria,Metric Cup,20,10,1,0.6331524702151462,0.21299999621179333,0.6307708372672393,0.6307708372672393,0.6307708372672393,0.6307708372672393,0.6307708372672393,
Nigeria,small bunch,1756,8,4,0.15789473684210525,0.100000000372529,0.15000000000000002,0.23839285714285713,0.34226190476190477,0.5323327367793903,0.8793309471175612,5.862206314117074
Nigeria,very large derica,9,7,0,0.42857142857142855,0.25,,,,,,
Nigeria,large stalk,20,5,1,1.026315789473684,0.9571428571428571,4.011275401373471,4.011275401373471,4.011275401373471,4.011275401373471,4.011275401373471,
Nigeria,medium stalk,54,5,3,0.8991379310344828,0.7522580680924078,0.35,0.55,0.75,1.9843936735847645,3.218787347169529,9.196535277627227
Nigeria,Packet,13,5,1,0.8306981153389386,0.796000003814696,0.424999990500502,0.424999990500502,0.424999990500502,0.424999990500502,0.424999990500502,
Nigeria,small stalk,41,4,2,0.7085253456221199,0.7085253456221199,1.1666666666666667,1.4245818419484757,1.6824970172302849,1.9404121925120938,2.198327367793903,1.8842806009662023
Nigeria,medium bunch,1244,4,4,0.24085140192778137,0.1535897435897436,0.15000000000000002,0.23839285714285713,0.5089285714285714,0.7823327367793903,0.8793309471175612,5.862206314117074
Nigeria,Basin,6,4,0,5.262295186004452,5.262295186004452,,,,,,
Nigeria,Spoon,58,4,1,0.08956236412704645,0.01495373975574486,0.025,0.025,0.025,0.025,0.025,
Nigeria,Whole Animal,7,4,0,4.457142693655834,4.455000042915348,,,,,,
Nigeria,large bunch,162,4,4,0.4,0.23809523809523808,0.30000000000000004,0.36007653061224487,0.6067176870748299,0.9547491051690854,1.3189964206763418,4.396654735587806
Nigeria,Bottle/Can,11,3,1,2.5874999819013027,2.5874999819013027,0.8549999808892539,0.8549999808892539,0.8549999808892539,0.8549999808892539,0.8549999808892539,
Nigeria,Basin Big/Large,5,3,0,6.175,6.175,,,,,,
Nigeria,Yam Tuber Big/Large,10,2,1,1.3928571428571428,1.0785671641791046,4.705882352941177,4.705882352941177,4.705882352941177,4.705882352941177,4.705882352941177,
Nigeria,Slice,26,2,2,0.3231958757436511,0.20823528627732768,0.7166666587193816,0.9684999883174902,1.2203333179155988,1.4721666475137074,1.723999977111816,2.4055813900878933
Nigeria,Basket,3,2,0,1.724799990653992,1.724799990653992,,,,,,
Nigeria,65.0,1,1,0,0.38999999999999996,0.0052,,,,,,
Nigeria,Table Spoon,1,1,0,0.11187150600228797,0.027967876500571993,,,,,,
Nigeria,Tea Spoon,1,1,0,0.06666666666666667,0.06666666666666667,,,,,,
Nigeria,Basket Big,1,1,0,0.02,0.6666666666666667,,,,,,
Nigeria,Shot,3,1,0,0.13772590132098975,0.13772590132098975,,,,,,
Nigeria,Tuber,659,1,1,1.9301248518932381,0.9535284871523351,4.40749979019165,4.40749979019165,4.40749979019165,4.40749979019165,4.40749979019165,
Nigeria,Wheelbarrow,2,1,0,2.154904639469448,2.154904639469448,,,,,,
Nigeria,other specify (151),1,1,0,0.08,0.08,,,,,,
Nigeria,other specify (152),1,1,0,2.0,2.0,,,,,,
Ethiopia,Piece/Number Small,5847,55,33,0.8,0.125,0.015789473684210527,0.064,0.15,0.4066666666666666,5.2272727272727275,331.06060606060606
Ethiopia,Medeb Small,9176,52,29,0.3333333333333333,0.2391304347826087,0.016666666666666666,0.11764705882352941,0.3333333333333333,0.5,1.0,60.0
Ethiopia,Piece/Number Medium,9559,52,36,1.0277777777777777,0.15384615384615385,0.008595961202098903,0.08173076923076923,0.21243055555555557,0.4583333333333333,7.954545454545454,925.3817307368917
Ethiopia,Sahin Small,788,51,29,0.9230769230769231,0.6521739130434783,0.04,0.2418076923076923,0.5555555555555556,1.0416666666666667,1.75,43.75
Ethiopia,Medeb Medium,8699,50,26,0.46511627906976744,0.3333333333333333,0.1,0.25220588235294117,0.5,0.6067708333333333,1.0,10.0
Ethiopia,Sini Large,3843,50,23,0.3,0.17857142857142858,0.03,0.106598158131177,0.1388888888888889,0.16145833333333331,0.3333333333333333,11.11111111111111
Ethiopia,Tasa/Tanika/Shember/Selemon Medium,2279,50,33,1.1,0.5313725490196078,0.075,0.3942307692307692,0.5833333333333334,0.6777777777777778,1.6111111111111112,21.481481481481485
Ethiopia,Birchiko Small,2360,50,27,0.4444444444444444,0.2037037037037037,0.03,0.16041666666666665,0.2222222222222222,0.2598397435897436,0.35000000000000003,11.666666666666668
Ethiopia,Other (Specify),1145,50,22,0.8163265306122449,0.4166666666666667,0.03666666666666667,0.10670215201465201,0.31666666666666665,0.667218137254902,13.636363636363637,371.900826446281
Ethiopia,Birchiko Medium,1972,49,28,0.7142857142857143,0.3409090909090909,0.025,0.18434343434343434,0.22013888888888888,0.2681818181818182,0.611764705882353,24.47058823529412
Ethiopia,Kubaya/Cup Small,3027,48,33,0.5,0.35,0.06,0.2,0.23076923076923078,0.2772222222222222,0.5128205128205128,8.547008547008547
Ethiopia,Tasa/Tanika/Shember/Selemon Small,1709,47,31,0.7142857142857143,0.5,0.15625,0.24675324675324675,0.3566666666666667,0.47285353535353536,1.1875,7.6
Ethiopia,Kubaya/Cup Medium,1997,47,30,0.7352941176470589,0.4166666666666667,0.1,0.2407051282051282,0.32754365983295364,0.39375000000000004,0.525,5.25
Ethiopia,Esir Small,2123,46,22,0.5,0.26751635768811344,0.007692307692307693,0.08822115384615384,0.2864583333333333,0.4916666666666667,0.7692307692307693,100.0
Ethiopia,Jog,766,45,26,1.1538461538461537,0.6666666666666666,0.171875,0.536875,0.6858928571428571,0.78875,1.2083333333333335,7.030303030303031
Ethiopia,Birchiko Large,1718,45,26,0.875,0.6,0.075,0.20549242424242425,0.2677777777777778,0.28500000000000003,0.45,6.0
Ethiopia,Sini Small,4625,44,24,0.280625,0.16,0.021875,0.07410714285714286,0.10459558823529412,0.13671875,0.22727272727272727,10.38961038961039
Ethiopia,Festal Small,538,43,20,1.1111111111111112,0.6,0.07375000000000001,0.19166666666666668,0.453125,0.6185576923076924,1.6,21.694915254237287
Ethiopia,Kubaya/Cup Large,1066,42,27,0.875,0.5,0.1,0.29173076923076924,0.4090909090909091,0.5357142857142857,0.8964285714285715,8.964285714285714
Ethiopia,Sahin Large,248,41,17,1.0791666666666666,0.6180555555555556,0.04625,0.3333333333333333,1.2131410256410258,1.4090384615384615,3.6,77.83783783783784
Ethiopia,Sahin Medium,600,40,24,1.1742424242424243,0.6666666666666666,0.12338983050847459,0.3458333333333333,0.6958333333333333,0.9569805194805194,2.6,21.07142857142857
Ethiopia,Esir Medium,2442,39,21,0.6,0.3125,0.025641025641025644,0.0828125,0.2222222222222222,0.5166666666666667,1.5384615384615385,60.0
Ethiopia,Piece/Number Large,1488,38,26,0.9,0.2,0.03375,0.138125,0.2833333333333333,0.6837121212121212,9.090909090909092,269.36026936026934
Ethiopia,Medeb Large,3521,36,21,0.5555555555555556,0.4,0.06916666666666667,0.4,0.6666666666666666,0.8125,1.5746753246753247,22.766390236269753
Ethiopia,Festal Medium,180,35,9,1.8,0.8035714285714286,0.08125,0.4166666666666667,0.9,1.4,2.875,35.38461538461539
Ethiopia,Tasa/Tanika/Shember/Selemon Large,1174,34,22,1.6666666666666667,0.7,0.15625,0.8551339285714287,1.0048076923076923,1.325,2.9375,18.8
Ethiopia,Melekiya,499,29,12,0.6,0.1867732558139535,0.018157894736842106,0.034068627450980396,0.06205105633802817,0.1298076923076923,0.315,17.347826086956523
Ethiopia,Esir Large,716,27,8,0.6622807017543859,0.3448275862068966,0.0734375,0.3809821428571428,0.7766666666666666,0.8342696629213483,2.3684210526315788,32.250839865621494
Ethiopia,Other(Specify),799,24,21,1.75,0.6666666666666666,0.0009090909090909091,0.3392857142857143,0.5833333333333334,0.6904761904761906,3.0,3300.0
Ethiopia,Pack,354,22,6,0.3,0.2727272727272727,0.05,0.125,0.335,0.605,2.0,40.0
Ethiopia,nan,45,21,1,,0.5,0.0017577777777777776,0.0017577777777777776,0.0017577777777777776,0.0017577777777777776,0.0017577777777777776,
Ethiopia,Number,1321,21,8,1.0,0.1466666666666667,0.05208333333333333,0.09482142857142857,0.12203256302521008,0.4239583333333333,1.2067307692307692,23.16923076923077
Ethiopia,Kunna/Mishe/Kefer/Enkib Medium,89,20,6,2.653958944281525,1.5,0.7708333333333334,2.3046875,3.2800000000000002,5.175714285714286,7.5,9.72972972972973
Ethiopia,Kunna/Mishe/Kefer/Enkib Small,154,19,7,2.381818181818182,1.5692307692307694,0.2112676056338028,2.6979166666666665,3.314814814814815,4.848214285714286,5.0,23.666666666666668
Ethiopia,Cup,1364,19,10,0.5,0.21428571428571427,0.08723262032085562,0.17665625000000001,0.21317460317460318,0.22838541666666667,0.44999999999999996,5.158620689655172
Ethiopia,Melekia,392,16,7,0.75,0.17857142857142858,0.03125,0.05,0.0818181818181818,0.11153846153846153,0.17857142857142858,5.714285714285714
Ethiopia,Kerchat/Kemba Small,49,15,2,1.8968253968253967,1.145104895104895,0.8,1.303125,1.80625,2.309375,2.8125,3.515625
Ethiopia,Festal Large,24,13,1,2.361111111111111,0.9307359307359307,1.0,1.0,1.0,1.0,1.0,
Ethiopia,Kunna/Mishe/Kefer/Enkib Large,37,13,3,3.64,2.5714285714285716,5.535714285714286,5.767857142857142,6.0,6.2168560606060606,6.433712121212121,1.162218963831867
Ethiopia,Kerchat/Kemba Medium,23,11,1,2.0999999999999996,2.066666666666667,7.8,7.8,7.8,7.8,7.8,
Ethiopia,Roll,149,11,5,3.09757225433526,1.5151515151515151,0.3705357142857143,0.8605769230769231,1.0,1.6666666666666667,1.8,4.857831325301205
Ethiopia,Zorba/Akara Small,598,10,1,5.0,1.3245614035087718,0.2222222222222222,0.2222222222222222,0.2222222222222222,0.2222222222222222,0.2222222222222222,
Ethiopia,Zorba/Akara Medium,520,8,1,7.2727272727272725,2.0,0.2222222222222222,0.2222222222222222,0.2222222222222222,0.2222222222222222,0.2222222222222222,
Ethiopia,Quintal,14,8,1,1.6058368495077355,1.0238780207134637,0.6818181818181818,0.6818181818181818,0.6818181818181818,0.6818181818181818,0.6818181818181818,
Ethiopia,Madaberia/Nuse/Shera/Cheret Small,8,6,0,24.0,24.0,,,,,,
Ethiopia,Shekim,11,5,1,3.8,3.3333333333333335,5.0,5.0,5.0,5.0,5.0,
Ethiopia,Bunch Small,10,5,1,1.61,0.5454545454545454,1.1,1.1,1.1,1.1,1.1,
Ethiopia,Kerchat/Kemba Large,5,5,0,0.9285714285714286,0.8214285714285714,,,,,,
Ethiopia,Chinet Small,4,4,0,4.285714285714286,4.285714285714286,,,,,,
Ethiopia,Zorba/Akara Large,189,4,1,6.0,1.8518518518518519,0.2222222222222222,0.2222222222222222,0.2222222222222222,0.2222222222222222,0.2222222222222222,
Ethiopia,Cubic Centimeter,74,4,1,1.7840909090909092,0.0010294117647058824,0.0010128048780487803,0.0010128048780487803,0.0010128048780487803,0.0010128048780487803,0.0010128048780487803,
Ethiopia,Araba,7,3,1,2.125,0.75,0.16666666666666666,0.16666666666666666,0.16666666666666666,0.16666666666666666,0.16666666666666666,
Ethiopia,Box,3,3,0,0.8275862068965517,0.8275862068965517,,,,,,
Ethiopia,Shekim Small,5,3,0,1.0112612612612613,0.8779279279279278,,,,,,
Ethiopia,Tuba,4,3,0,0.9583333333333334,0.7083333333333334,,,,,,
Ethiopia,Jenbe,4,3,0,2.2175,1.9049999999999998,,,,,,
Ethiopia,Shekim Medium,3,2,0,0.75,0.75,,,,,,
Ethiopia,Bunch Large,2,2,0,0.625,0.625,,,,,,
Ethiopia,Cm,2,2,0,0.75,0.375,,,,,,
Ethiopia,Pair,7,2,0,1.333951922661948,0.1893939393939394,,,,,,
Ethiopia,Madaberia/Nuse/Shera/Cheret Medium,1,1,0,0.4166666666666667,0.4166666666666667,,,,,,
Ethiopia,Madaberia/Nuse/Shera/Cheret Large,6,1,1,,,4.75,4.75,4.75,4.75,4.75,
Ethiopia,Joniya/Kasha Small,1,1,0,3.0,1.5,,,,,,
Ethiopia,Bunch Medium,2,1,0,0.825,0.45,,,,,,
Ethiopia,Box/Casa,2,1,0,13.263157894736842,12.842105263157894,,,,,,
Ethiopia,Shekim Large,5,1,1,0.7755319148936171,0.26276595744680853,0.72,0.72,0.72,0.72,0.72,
Ethiopia,Whole Animal (Sheep),19,1,1,46.0,46.0,6.923076923076923,6.923076923076923,6.923076923076923,6.923076923076923,6.923076923076923,
Ethiopia,Whole Animal (Poultary),15,1,1,16.0,9.23076923076923,1.7142857142857142,1.7142857142857142,1.7142857142857142,1.7142857142857142,1.7142857142857142,
Tanzania,piece,2198,29,15,0.8492857142857142,0.16982446311858077,0.0055963302752293585,0.07923076923076924,0.1255,0.3428281622911695,5.580378337710659,997.1495718204292
Niger,Sachet,80417,96,16,0.19354838709677422,0.0875,0.01607142857142857,0.03390151515151515,0.17407407407407408,0.301747311827957,0.9,56.00000000000001
Niger,Unité,29668,68,16,0.26666666666666666,0.04266342503510323,0.0125,0.05558580139372822,0.11083333333333334,0.1673013511408434,2.0,160.0
Niger,Tas,21586,65,17,0.5,0.30000000000000004,0.0625,0.15000000000000002,0.225,0.5,0.625,10.0
Niger,Tiya,20026,63,18,2.084251769464105,1.25,0.26405867970660146,1.1964285714285714,1.975,2.5999999999999996,11.25,42.604166666666664
Niger,Morceau,4099,28,4,0.2,0.05,0.04395604395604396,0.385989010989011,0.5572916666666667,0.6692708333333334,0.8333333333333333,18.95833333333333
Niger,Tongolo,361,26,5,1.09375,0.6666666666666666,0.027872860635696817,0.109375,0.7251157407407406,0.7407407407407407,3.3916666666666666,121.68347953216376
Niger,Boîte,2703,23,1,0.580065717415115,0.375,0.5125,0.5125,0.5125,0.5125,0.5125,
Niger,Bouteille,2921,23,0,0.8333333333333334,0.4444444444444444,,,,,,
Niger,Boîte de tomate,906,22,5,0.5454545454545455,0.3333333333333333,0.13125,0.3960880195599022,0.4444444444444444,0.5925925925925926,1.0,7.619047619047619
Niger,Paquet,6632,15,4,0.8333333333333334,0.31654835847382434,0.5416666666666667,1.224702380952381,1.4954212454212454,1.653846153846154,2.0,3.6923076923076916
Niger,Moudou,77,14,4,4.923076923076923,0.8531746031746033,0.13907090464547678,0.16601772616136917,0.3652777777777778,0.8095238095238095,1.5714285714285714,11.29947759694595
Niger,Bidon,85,7,0,1.0909090909090908,0.7142857142857143,,,,,,
Niger,Pot-tarzan,2584,6,0,0.225,0.03333333333333333,,,,,,
Niger,Calebasse,915,5,0,0.6,0.3268065268065268,,,,,,
Niger,Pot,79,5,0,0.9230769230769231,0.43956043956043955,,,,,,
Niger,Bouquet,1372,4,0,0.15000000000000002,0.05,,,,,,
Niger,Avec os au tas,2116,3,0,1.25,0.499221183800623,,,,,,
Niger,Cannette,97,3,0,1.9383301707779887,0.4126682151020437,,,,,,
Niger,Tasse,44,3,2,0.8333333333333334,0.7692307692307693,1.5,1.625,1.75,1.875,2.0,1.3333333333333333
Niger,Avec os au Kg,363,3,0,2.0833333333333335,1.3083056478405317,,,,,,
Niger,Louche,1668,3,0,0.2,0.03333333333333333,,,,,,
Niger,Sans os au tas,37,3,0,2.4239130434782608,1.9375,,,,,,
Niger,Seau,17,3,2,1.2916666666666667,1.275,2.25,2.5625,2.875,3.1875,3.5,1.5555555555555556
Niger,Sans os au Kg,41,3,0,2.88996138996139,1.6108108108108108,,,,,,
Niger,Boule,25,2,0,0.6833333333333333,0.5942028985507246,,,,,,
Niger,Panier,2,2,0,0.9761156505342553,0.9761156505342553,,,,,,
Niger,Cueillère,406,2,0,0.17284609229127768,0.025,,,,,,
Niger,Boîte de nescafé,36,2,0,1.4814814814814814,1.2,,,,,,
Niger,Cristal (Kantou),11,2,1,0.8649727767695099,0.6217105263157896,1.5384615384615385,1.5384615384615385,1.5384615384615385,1.5384615384615385,1.5384615384615385,
Niger,Alvéole,87,1,0,2.0,2.3625,,,,,,
Niger,Gousse,155,1,0,0.21428571428571427,0.06868131868131869,,,,,,
Niger,Feuille,21,1,0,1.5,0.6666666666666666,,,,,,
Niger,Gobelet,1,1,0,0.2,0.0071428571428571435,,,,,,
Niger,Carton,3,1,0,2.0775862068965516,3.0775862068965516,,,,,,
Niger,Koriya /Gassou,2,1,0,,,,,,,,
Niger,Plaquette,31,1,0,0.631578947368421,0.2556818181818182,,,,,,
Niger,Waygouizé,2,1,0,0.358974358974359,0.358974358974359,,,,,,
Mali,Tas,73192,144,95,0.5392307692307692,0.21428571428571427,0.038461538461538464,0.1481707317073171,0.2707317073170732,0.5,1.75,45.5
Mali,Unité,50172,143,71,0.3761964308364051,0.06666666666666667,0.008333333333333333,0.07583333333333334,0.16666666666666666,0.4415584415584416,2.0,240.0
Mali,Sachet,58330,121,49,0.28,0.11538461538461539,0.002777777777777778,0.1,0.2285714285714286,0.5333333333333333,1.7,612.0
Mali,Autre,8968,111,77,0.9486842105263158,0.2857142857142857,0.03333333333333333,0.2,0.4,0.6833333333333332,2.125,63.75
Mali,Boîte,4858,81,35,1.567895815042435,0.8798530762167126,0.1,0.55,0.9,1.3392857142857144,2.1527777777777777,21.527777777777775
Mali,Paquet,12980,67,18,1.0,0.2608695652173913,0.05,0.5833333333333333,0.8958333333333333,2.4125,26.0,520.0
Mali,Boite,8304,51,29,0.9195402298850575,0.7,0.15,0.575,0.9444444444444444,1.4166666666666667,10.408163265306124,69.38775510204083
Mali,Centilitre,299,34,6,0.9838709677419355,0.25,0.06896551724137931,0.23125,0.6875,1.0446428571428572,2.4,34.8
Mali,Bouteille,4070,29,0,0.8660256410256411,0.5,,,,,,
Mali,Verre,5182,27,5,0.2727272727272727,0.06666666666666667,0.08078817733990147,0.1,0.1,0.28174603174603174,0.7,8.664634146341463
Mali,Paani,2924,26,20,0.4,0.16666666666666666,0.06666666666666667,0.21071428571428572,0.346875,0.578125,1.740065836940837,26.100987554112557
Mali,Bidon,1132,25,5,1.2444444444444445,0.6,0.2125,0.285714287843023,0.3103448275862069,1.0,2.0,9.411764705882353
Mali,Sac petit,151,19,4,5.3,4.05,0.19411764705882353,1.7043735676088618,8.145562770562771,15.5625,20.0,103.03030303030303
Mali,Sac moyen,133,18,4,26.234567901234566,10.545454545454545,6.666666666666666,27.447916666666664,35.3125,37.901785714285715,42.857142857142854,6.428571428571429
Mali,Panier,484,17,5,0.875,0.8333333333333334,0.375,0.6309523809523809,0.6666666666666666,1.0,1.6666666666666667,4.444444444444445
Mali,Sac large,57,15,4,33.0,20.526315789473685,23.75,43.4375,53.12512438795777,56.473400867650945,57.142857142857146,2.4060150375939853
Mali,Morceau,994,12,5,0.7,0.19607843137254902,0.1,0.14315181518151815,0.16666666666666666,0.24285714285714285,0.30653846153846154,3.065384615384615
Mali,Gobelet,751,12,8,0.6511627906976745,0.2916666666666667,0.23809523809523808,0.6761904761904761,0.8611111111111112,0.982142857142857,2.7272727272727275,11.454545454545457
Mali,Pot,873,8,1,0.6666666666666666,0.3333333333333333,0.48484848484848486,0.48484848484848486,0.48484848484848486,0.48484848484848486,0.48484848484848486,
Mali,Moude,135,7,5,2.5,0.9883720930232558,0.5714285714285714,0.8125,1.097222222222222,2.263157894736842,11.392405063291141,19.9367088607595
Mali,Boule,4340,6,3,0.15384615384615385,0.03333333333333333,0.0125,0.013392857142857144,0.014285714285714287,0.01976911976911977,0.025252525252525252,2.02020202020202
Mali,Calebasse,108,6,0,0.5,0.13559754851889683,,,,,,
Mali,Gigot,123,6,3,4.166666666666667,3.68,1.254950495049505,1.3774752475247525,1.5,1.6471428571428572,1.7942857142857145,1.429766131304593
Mali,Tranche,1947,5,0,0.12352941176470589,0.034482758620689655,,,,,,
Mali,Carton,81,5,1,4.409722222222222,3.676913803496082,3.1875,3.1875,3.1875,3.1875,3.1875,
Mali,Louche,370,4,0,0.2,0.048809523809523817,,,,,,
Mali,Piece,104,4,1,2.365079365079365,1.6136363636363638,0.644927536231884,0.644927536231884,0.644927536231884,0.644927536231884,0.644927536231884,
Mali,Carcasse,4,3,0,7.03030303030303,8.026315789473685,,,,,,
Mali,Alvéole,237,2,0,3.4741379310344827,3.6363636363636362,,,,,,
Mali,Cannette,146,2,0,1.1437908496732025,0.5714285714285714,,,,,,
Mali,Cuillere,2244,2,0,0.2,0.04000000000000001,,,,,,
Mali,Gousse,3585,1,1,0.14117647058823532,0.05555555555555555,0.03756613756613757,0.03756613756613757,0.03756613756613757,0.03756613756613757,0.03756613756613757,
Mali,Barre,48,1,0,0.2761904761904762,0.09861111111111111,,,,,,
EthiopiaRHS,Medeb,4929,65,12,0.3333333333333333,0.2127659574468085,0.015625,0.08738839285714287,0.19523809523809524,0.3232467532467532,1.0,64.0
EthiopiaRHS,Tassa,2518,55,22,0.743421052631579,0.3181818181818182,0.08854166666666666,0.4,0.56998556998557,0.753125,1.275,14.4
EthiopiaRHS,Birchiko,3965,52,18,1.0,0.18181818181818182,0.09523809523809523,0.15208333333333335,0.2372360736747529,0.30625,0.7916666666666667,8.312500000000002
EthiopiaRHS,Pieces,811,47,6,0.5882352941176471,0.08452380952380953,0.005714285714285714,0.020937499999999998,0.061875,4.1660545454545455,10.541666666666666,1844.7916666666665
EthiopiaRHS,Kubaya,908,44,17,0.8695652173913044,0.2625,0.13095238095238096,0.22214285714285714,0.3333333333333333,0.3875,1.0,7.636363636363636
EthiopiaRHS,Sini,4555,40,16,0.5256578947368421,0.14285714285714285,0.047619047619047616,0.07142857142857142,0.09652777777777778,0.15331439393939394,0.3333333333333333,7.0
EthiopiaRHS,Esir,1573,39,5,0.5,0.25,0.05,0.10416666666666667,0.13333333333333333,0.19230769230769232,0.4,8.0
EthiopiaRHS,Guchiye,1085,33,18,4.078740157480315,2.275,0.23958333333333334,0.9368055555555557,2.25,2.99411196278826,3.75,15.652173913043478
EthiopiaRHS,Kunna,305,32,9,1.7111111111111112,1.6666666666666667,2.857142857142857,5.208333333333333,6.3926091269841265,8.0,8.839285714285715,3.0937500000000004
EthiopiaRHS,Dirib,332,30,9,0.75,0.25,0.6821428571428572,1.0375,1.1583333333333332,1.3869426751592355,1.9,2.7853403141361253
EthiopiaRHS,4,476,29,0,,,,,,,,
EthiopiaRHS,5,700,27,0,,,,,,,,
EthiopiaRHS,Melekia,1218,27,8,1.0,0.225,0.025,0.03854166666666666,0.05552884615384615,0.07162698412698412,0.1,4.0
EthiopiaRHS,Mesferia,370,25,10,0.4444444444444444,0.125,0.015476190476190477,0.021354166666666667,0.048611111111111105,0.1425,1.0,64.61538461538461
EthiopiaRHS,Number,286,25,0,0.6,0.07943661971830987,,,,,,
EthiopiaRHS,Kil,111,23,2,1.5384615384615385,0.4945054945054945,0.3214285714285714,0.5535714285714286,0.7857142857142857,1.0178571428571428,1.25,3.8888888888888893
EthiopiaRHS,Lemba,457,20,6,0.5058823529411764,0.125,0.05,0.06994047619047619,0.07217261904761904,0.09322916666666667,0.22916666666666669,4.583333333333333
EthiopiaRHS,Bottles,625,19,2,1.0434782608695652,0.5833333333333334,0.36397058823529416,0.48131127450980393,0.5986519607843137,0.7159926470588236,0.8333333333333334,2.2895622895622894
EthiopiaRHS,Bobo,810,19,12,1.6030534351145038,0.41,0.75,0.8446428571428573,0.9332002457002457,1.0047770700636942,1.0714285714285714,1.4285714285714286
EthiopiaRHS,31.0,54,19,3,0.725,0.2777777777777778,0.05,0.05,0.05,0.2333333333333333,0.41666666666666663,8.333333333333332
EthiopiaRHS,95.0,27,18,0,0.9230769230769231,0.3076923076923077,,,,,,
EthiopiaRHS,Sahen,74,17,7,0.9583333333333333,0.30196078431372547,0.3125,0.6525,0.8,0.9714285714285714,1.2799999999999998,4.095999999999999
EthiopiaRHS,Bundels,45,16,1,0.7960526315789473,0.25,0.05,0.05,0.05,0.05,0.05,
EthiopiaRHS,8,240,16,0,,,,,,,,
EthiopiaRHS,Chinet,19,14,0,1.84375,0.5714285714285714,,,,,,
EthiopiaRHS,Small ma,28,14,1,7.333333333333333,7.0098972211648265,30.18867924528302,30.18867924528302,30.18867924528302,30.18867924528302,30.18867924528302,
EthiopiaRHS,3,142,13,0,,,,,,,,
EthiopiaRHS,Bars,190,13,1,0.6125,0.7793522267206479,3.5,3.5,3.5,3.5,3.5,
EthiopiaRHS,Shirimir,57,12,1,1.0,0.5,1.25,1.25,1.25,1.25,1.25,
EthiopiaRHS,Packets,23,12,0,0.5454545454545454,0.2857142857142857,,,,,,
EthiopiaRHS,Big mada,46,12,3,2.571428571428571,0.3333333333333333,0.5,0.5625,0.625,21.12070265379976,41.61640530759952,83.23281061519904
EthiopiaRHS,9,207,12,0,,,,,,,,
EthiopiaRHS,Ensira,31,11,0,2.857142857142857,2.5,,,,,,
EthiopiaRHS,Efigne,152,10,3,0.875,0.05,0.02666666666666667,0.02871794871794872,0.03076923076923077,0.03205128205128205,0.03333333333333333,1.25
EthiopiaRHS,7,39,10,0,,,,,,,,
EthiopiaRHS,Bikole,114,10,5,0.7411764705882353,0.09999999999999999,0.027777777777777776,0.03125,0.05,0.05,0.1,3.6000000000000005
EthiopiaRHS,Minilik,45,10,4,4.183333333333334,0.21694862155388472,0.39111111111111113,0.44152777777777774,0.5416666666666666,0.6517857142857143,0.7321428571428572,1.871956168831169
EthiopiaRHS,Bekolo,218,9,3,0.1111111111111111,0.020833333333333332,0.05681818181818182,0.07602813852813853,0.09523809523809523,0.09970238095238096,0.10416666666666667,1.8333333333333333
EthiopiaRHS,Akmada,13,9,0,,,,,,,,
EthiopiaRHS,Gembo,15,9,0,0.20810810810810812,0.2662162162162162,,,,,,
EthiopiaRHS,Gan,16,8,0,2.3859649122807016,0.4605263157894737,,,,,,
EthiopiaRHS,Leaves,15,8,0,0.3333333333333333,0.2222222222222222,,,,,,
EthiopiaRHS,Kerchat,59,8,1,3.0,3.6923076923076925,2.0,2.0,2.0,2.0,2.0,
EthiopiaRHS,6,56,8,0,,,,,,,,
EthiopiaRHS,Small tomato can,30,7,2,0.672911547911548,0.13574660633484165,0.05,0.05267857142857143,0.055357142857142855,0.05803571428571429,0.060714285714285714,1.2142857142857142
EthiopiaRHS,Woket,139,7,3,1.25,0.10833333333333334,0.022023809523809522,0.023214285714285715,0.024404761904761905,0.02921626984126984,0.03402777777777778,1.5450450450450453
EthiopiaRHS,Silicha,8,7,0,4.5561594202898545,8.903985507246377,,,,,,
EthiopiaRHS,14,69,6,0,,,,,,,,
EthiopiaRHS,Enkib,23,6,1,1.25,0.6354166666666666,0.09226190476190475,0.09226190476190475,0.09226190476190475,0.09226190476190475,0.09226190476190475,
EthiopiaRHS,Bags,12,6,1,15.609756097560977,15.609756097560977,46.42857142857142,46.42857142857142,46.42857142857142,46.42857142857142,46.42857142857142,
EthiopiaRHS,Mika,18,6,0,2.3333333333333335,0.42857142857142855,,,,,,
EthiopiaRHS,Bunch,7,5,0,0.9785714285714286,0.9785714285714286,,,,,,
EthiopiaRHS,17,6,4,0,,,,,,,,
EthiopiaRHS,Wesla,4,4,0,0.4444444444444444,0.1111111111111111,,,,,,
EthiopiaRHS,Egir,4,4,0,,,,,,,,
EthiopiaRHS,Temene,20,3,1,4.0,0.09523809523809523,0.18333333333333335,0.18333333333333335,0.18333333333333335,0.18333333333333335,0.18333333333333335,
EthiopiaRHS,Baldi,32,3,0,0.06666666666666667,0.02222222222222222,,,,,,
EthiopiaRHS,1,32,3,0,,,,,,,,
EthiopiaRHS,13,3,3,0,,,,,,,,
EthiopiaRHS,15,27,3,0,,,,,,,,
EthiopiaRHS,Small kunna,5,3,0,0.6666666666666666,0.375,,,,,,
EthiopiaRHS,Madaberia,3,3,0,0.19047619047619047,0.19047619047619047,,,,,,
EthiopiaRHS,Festal,4,3,0,5.6,1.4,,,,,,
EthiopiaRHS,Bilkat,23,3,1,1.405,0.3666666666666667,0.125,0.125,0.125,0.125,0.125,
EthiopiaRHS,Gebete/Buchu,135,3,0,0.6,0.029166666666666667,,,,,,
EthiopiaRHS,Kidan,3,3,0,1.25,1.25,,,,,,
EthiopiaRHS,Gurzigne,3,3,0,4.0,4.0,,,,,,
EthiopiaRHS,Dawla,4,3,0,0.5,0.05,,,,,,
EthiopiaRHS,Spoon,3,3,0,0.04,0.012333333333333333,,,,,,
EthiopiaRHS,Kelemeshash,5,2,0,2.0,0.16666666666666666,,,,,,
EthiopiaRHS,Bere'lei,5,2,0,1.0,0.1736111111111111,,,,,,
EthiopiaRHS,0,3,2,0,,,,,,,,
EthiopiaRHS,Zurba,43,2,0,1.55,1.0555555555555556,,,,,,
EthiopiaRHS,Shekim,2,2,0,0.48461538461538467,0.8192307692307693,,,,,,
EthiopiaRHS,Mankorko,9,2,0,2.0,1.0,,,,,,
EthiopiaRHS,Sefied,7,2,0,15.606060606060606,15.606060606060606,,,,,,
EthiopiaRHS,Chika,2,2,0,0.6093189964157706,0.4157706093189964,,,,,,
EthiopiaRHS,Butille,4,2,0,0.2113207547169811,0.030188679245283016,,,,,,
EthiopiaRHS,Gotera,2,2,0,,,,,,,,
EthiopiaRHS,Kurbet,3,2,0,4.3,2.1,,,,,,
EthiopiaRHS,Jemb,2,2,0,15.0,1.875,,,,,,
EthiopiaRHS,Boxes,1,1,0,,,,,,,,
EthiopiaRHS,37.0,2,1,0,,,,,,,,
EthiopiaRHS,83.0,21,1,1,0.1825749167591565,0.4,5.833333333333334,5.833333333333334,5.833333333333334,5.833333333333334,5.833333333333334,
EthiopiaRHS,21,6,1,0,,,,,,,,
EthiopiaRHS,Akara,6,1,0,2.2222222222222223,2.2222222222222223,,,,,,
EthiopiaRHS,Goma,1,1,0,,,,,,,,
EthiopiaRHS,Butile/Shigute,15,1,1,0.4642857142857143,0.41428571428571426,0.22426470588235295,0.22426470588235295,0.22426470588235295,0.22426470588235295,0.22426470588235295,
EthiopiaRHS,Kuch'belu,1,1,0,0.4,0.4,,,,,,
EthiopiaRHS,Jerry can,3,1,0,,,,,,,,
EthiopiaRHS,Lotterey,1,1,0,0.75,0.75,,,,,,
EthiopiaRHS,Mezo,1,1,0,,,,,,,,
EthiopiaRHS,Sahin,1,1,0,,,,,,,,
EthiopiaRHS,Safa,1,1,0,16.666666666666668,16.666666666666668,,,,,,
EthiopiaRHS,Sifir,2,1,0,,,,,,,,
EthiopiaRHS,Wochit,2,1,0,,,,,,,,
GhanaLSS,Single,152168,140,69,0.2306667090690649,0.09071839999999999,0.00025,0.004,0.1,0.26993289645010554,7.055875555555556,28223.50222222222
GhanaLSS,Other Unit,20111,130,57,0.20000000000000004,0.13312811987846854,0.0002,0.004,0.1,0.226796,10.079822222222223,50399.11111111111
GhanaLSS,Piece,48226,128,67,0.2041164,0.07559866666666666,0.00025,0.0025,0.07529814340985755,0.15011789743589743,1.1111111111111112,4444.444444444444
GhanaLSS,Heap,280242,125,65,0.226796,0.13886593204775022,0.0002,0.016666666666666666,0.15,0.31711116144710383,3.0,15000.0
GhanaLSS,Satchet,70102,107,52,0.20789633333333332,0.07257472,0.0004166666666666667,0.002,0.08675,0.20669900000000002,1.5789473684210527,3789.4736842105262
GhanaLSS,Bowl,31827,102,49,0.6047893333333333,0.453592,0.0002,0.007500000000000001,0.2857142857142857,0.907184,6.0,30000.0
GhanaLSS,Packet,13452,87,26,0.340194,0.226796,0.001,0.017750000000000002,0.1680388,0.4,1.13398,1133.98
GhanaLSS,Tin,23115,74,24,0.325,0.2,0.001,0.022921267006957468,0.16783333333333333,0.2174132857142857,1.5074610000731143,1507.4610000731143
GhanaLSS,Bundle,11270,73,34,0.16666666666666666,0.09071839999999999,0.0005,0.011503233333333333,0.1,0.29587375,2.89144870693853,5782.89741387706
GhanaLSS,Margarin tin,44404,72,28,0.40823279999999995,0.22000000000000003,0.0013333333333333333,0.113398,0.2085082020417448,0.3201107427341423,0.8,600.0
GhanaLSS,American Tin,7662,66,28,0.5,0.453592,0.002,0.17434942499999997,0.9,1.414332,4.0,2000.0
GhanaLSS,Ball,24205,65,25,0.18181818181818182,0.09071839999999999,0.00025,0.004,0.05,0.1,0.3,1200.0
GhanaLSS,Box,1482,57,11,0.8504849999999999,0.8164655999999999,0.0075,1.4325,3.12,5.856321282051282,24.0,3200.0
GhanaLSS,Finger,14207,46,20,0.25,0.045359199999999995,0.0005,0.0010875,0.037649666666666665,0.23033551472788605,1.1111111111111112,2222.222222222222
GhanaLSS,Beer Bottle,8835,44,13,0.453592,0.37799333333333335,0.0008,0.05,0.31711116144710383,0.5,1.8843262500913929,2355.407812614241
GhanaLSS,Roll,3160,42,22,0.453592,0.27222222222222225,0.00075,0.0295097,0.11289911111111112,0.16264907170492876,0.42,560.0
GhanaLSS,Set,1740,41,17,0.226796,0.09071839999999999,0.001,0.025,0.07350000000000001,0.3,1.0,1000.0
GhanaLSS,Fanta Bottle,12554,40,13,0.25,0.2,0.0002,0.14285714285714285,0.2,0.25,0.6803879999999999,3401.939999999999
GhanaLSS,Bunch,5037,36,15,0.453592,0.3685435,0.002,0.057021222675943284,0.15,0.5774722662662158,7.5,3750.0
GhanaLSS,Mini Bag,2006,35,15,0.3916104844720497,0.25,0.0113398,0.1,0.2,0.7378333710853279,30.0,2645.549304220533
GhanaLSS,Basket,689,32,13,0.5314141568627451,0.5,0.0037500000000000003,0.453592,1.0,2.0,7.0,1866.6666666666665
GhanaLSS,Tonne,110,31,8,0.37799333333333335,0.3514368,0.0008416289592760182,0.020778125,0.48383146666666665,0.83631025,1.0,1188.1720430107525
GhanaLSS,Bucket,301,27,8,1.0,0.9090909090909091,1.5059628681971509,2.625,3.15,4.701489375137089,8.0,5.3122159708872
GhanaLSS,Tuber,14710,23,6,0.680388,0.33263413333333336,0.1,0.215625,0.4625,0.6983966325509744,1.6666666666666667,16.666666666666668
GhanaLSS,Maxi Bag,345,23,5,0.3887931428571429,0.226796,0.009999999999999998,0.47566674217065574,6.0,10.0,27.232142857142858,2723.2142857142862
GhanaLSS,Loaf,47619,17,3,0.36287359999999996,0.18143679999999998,0.2,0.325,0.45,0.525,0.6,2.9999999999999996
GhanaLSS,Blister/Strip,59,16,3,0.3288542,0.2256581436221479,0.001,0.004666666666666666,0.008333333333333333,0.15416666666666667,0.3,300.0
GhanaLSS,nan,421,15,3,,0.2,0.001,0.1592572,0.3175144,0.6051857714285714,0.8928571428571429,892.8571428571429
GhanaLSS,Crate,1638,14,4,1.13398,1.1842105263157894,0.0078,0.01695,0.025,0.8025000000000001,3.12,400.00000000000006
GhanaLSS,Pot,426,11,2,0.793786,0.226796,0.0002,0.0022333333333333333,0.004266666666666667,0.0063,0.008333333333333333,41.666666666666664
GhanaLSS,Bar,28,10,1,0.226796,0.05,0.008333333333333333,0.008333333333333333,0.008333333333333333,0.008333333333333333,0.008333333333333333,
GhanaLSS,Visit,27,9,0,0.24134075789473683,0.0726796,,,,,,
GhanaLSS,Dozen,44,8,1,0.6123491999999999,0.5783297999999999,0.024,0.024,0.024,0.024,0.024,
GhanaLSS,Stick,323,7,1,0.4297187368421053,0.113398,3.6143108836731623,3.6143108836731623,3.6143108836731623,3.6143108836731623,3.6143108836731623,
GhanaLSS,Pair,16,5,1,0.1375,0.034375,0.0325,0.0325,0.0325,0.0325,0.0325,
GhanaLSS,Plate,39,5,0,0.4314368,0.1814368,,,,,,
GhanaLSS,Barrel,2,2,0,0.08247127272727273,0.02749042424242424,,,,,,
GhanaLSS,Coil,2,2,0,0.6590909090909092,0.18636363636363634,,,,,,
GhanaLSS,Hours,2,2,0,0.680388,0.680388,,,,,,
GhanaLSS,Log,2,2,0,0.08502272748573088,0.08502272748573088,,,,,,
GhanaLSS,Minute,1,1,0,0.5,0.5,,,,,,
GhanaLSS,Ream,1,1,0,,,,,,,,
GhanaLSS,Yard,10,1,1,1.020582,0.23224932673539622,1.4285714285714286,1.4285714285714286,1.4285714285714286,1.4285714285714286,1.4285714285714286,
