country,wave,status,n_hh,n_psu,hh_per_psu,n_strata,wt_n,wt_cv,wt_max_over_med,wt_distinct,panel_wt_pct,rural_pct
Albania,2002,ok,3599.0,450.0,8.0,4.0,3599.0,0.566,2.32,17.0,100.0,46.0
Albania,2003,ok,1764.0,449.0,3.93,16.0,1764.0,0.142,1.14,16.0,100.0,
Albania,2004,ok,1884.0,448.0,4.21,0.0,1884.0,0.141,1.14,16.0,100.0,
Albania,2005,ok,3840.0,480.0,8.0,4.0,3840.0,0.616,3.04,468.0,100.0,43.0
Albania,2008,ok,3599.0,450.0,8.0,4.0,3599.0,0.7,9.08,446.0,100.0,45.0
Albania,2012,ok,6671.0,834.0,8.0,4.0,6671.0,0.709,10.3,2963.0,100.0,46.0
Armenia,,no sample table,,,,,,,,,,
Azerbaijan,1995,ok,2016.0,168.0,12.0,,2016.0,0.181,1.24,3.0,,
Benin,2018-19,ok,8012.0,670.0,11.96,12.0,8012.0,0.468,4.38,669.0,100.0,51.0
Burkina_Faso,2014,ok,10411.0,900.0,11.57,26.0,10411.0,0.755,6.99,892.0,100.0,62.0
Burkina_Faso,2018-19,ok,7010.0,585.0,11.98,0.0,7010.0,0.973,9.97,585.0,100.0,55.0
Burkina_Faso,2021-22,ok,3227.0,550.0,5.87,0.0,3227.0,0.92,11.04,549.0,100.0,55.0
Cambodia,2019-20,ok,1512.0,252.0,6.0,24.0,1512.0,0.409,2.97,236.0,100.0,70.0
China,1995-97,ok,787.0,30.0,26.23,,,,,,,
CotedIvoire,1985-86,ok,1588.0,100.0,15.88,5.0,1588.0,0.516,5.65,128.0,100.0,57.0
CotedIvoire,1986-87,ok,1600.0,100.0,16.0,5.0,1600.0,0.538,6.15,128.0,100.0,57.0
CotedIvoire,1987-88,ok,1600.0,100.0,16.0,5.0,1600.0,0.354,2.31,114.0,100.0,50.0
CotedIvoire,1988-89,ok,1600.0,100.0,16.0,5.0,1600.0,0.151,1.0,3.0,100.0,54.0
CotedIvoire,2018-19,ok,12992.0,1084.0,11.99,33.0,12992.0,0.909,11.67,1084.0,100.0,59.0
Ethiopia,2011-12,ok,3969.0,333.0,11.92,18.0,3969.0,0.934,7.15,529.0,100.0,87.0
Ethiopia,2013-14,ok,5262.0,433.0,12.15,21.0,5262.0,0.961,8.74,616.0,100.0,63.0
Ethiopia,2015-16,ok,4954.0,432.0,11.47,21.0,4954.0,0.965,10.77,611.0,100.0,66.0
Ethiopia,2018-19,ok,6770.0,535.0,12.65,21.0,6770.0,1.212,19.53,660.0,100.0,46.0
Ethiopia,2021-22,ok,4959.0,435.0,11.4,19.0,4959.0,1.573,29.21,4663.0,100.0,46.0
EthiopiaRHS,1989,ok,338.0,5.0,67.6,5.0,338.0,0.0,1.0,1.0,100.0,100.0
EthiopiaRHS,1994a,ok,1480.0,18.0,82.22,18.0,1480.0,0.0,1.0,1.0,100.0,100.0
EthiopiaRHS,1994b,ok,1480.0,18.0,82.22,18.0,1480.0,0.0,1.0,1.0,100.0,100.0
EthiopiaRHS,1995,ok,1480.0,18.0,82.22,18.0,1480.0,0.0,1.0,1.0,100.0,100.0
EthiopiaRHS,1997,ok,1475.0,18.0,81.94,18.0,1475.0,0.0,1.0,1.0,100.0,100.0
EthiopiaRHS,1999,ok,1475.0,18.0,81.94,18.0,1475.0,0.0,1.0,1.0,100.0,100.0
EthiopiaRHS,2004,ok,1368.0,18.0,76.0,18.0,1368.0,0.0,1.0,1.0,100.0,100.0
EthiopiaRHS,2009,ok,1357.0,18.0,75.39,18.0,1357.0,0.0,1.0,1.0,100.0,100.0
GhanaLSS,1987-88,ok,3147.0,176.0,17.88,0.0,3147.0,0.0,1.0,1.0,100.0,62.0
GhanaLSS,1988-89,ok,3194.0,170.0,18.79,0.0,3194.0,0.0,1.0,1.0,100.0,66.0
GhanaLSS,1991-92,ok,4523.0,365.0,12.39,10.0,4523.0,0.0,1.0,1.0,100.0,65.0
GhanaLSS,1998-99,ok,5998.0,300.0,19.99,10.0,5998.0,0.684,7.08,298.0,100.0,63.0
GhanaLSS,2005-06,ok,8687.0,580.0,14.98,10.0,8687.0,0.438,3.77,579.0,100.0,58.0
GhanaLSS,2012-13,ok,16772.0,1200.0,13.98,10.0,16772.0,0.839,10.55,1196.0,100.0,56.0
GhanaLSS,2016-17,ok,14009.0,1000.0,14.01,10.0,14009.0,0.914,15.5,997.0,100.0,57.0
GhanaSPS,2009-10,ok,5009.0,334.0,15.0,7.0,5009.0,0.625,3.94,332.0,100.0,60.0
GhanaSPS,2013-14,ok,4774.0,334.0,14.29,0.0,0.0,,,,0.0,
GhanaSPS,2017-18,ok,5669.0,334.0,16.97,10.0,0.0,,,,0.0,
Guatemala,2000,ok,7276.0,1065.0,6.83,8.0,7276.0,0.993,19.86,418.0,100.0,53.0
Guinea-Bissau,2018-19,ok,5351.0,450.0,11.89,9.0,5351.0,0.487,2.84,340.0,100.0,63.0
Guyana,1992,ok,1807.0,168.0,10.76,16.0,1784.0,0.505,4.57,37.0,,36.0
India,1997-98,ok,2251.0,120.0,18.76,4.0,2251.0,0.545,1.24,4.0,100.0,
Iraq,2006-07,ok,17822.0,2961.0,6.02,57.0,17822.0,1.615,81.29,2341.0,100.0,32.0
Iraq,2012,ok,25146.0,2828.0,8.89,118.0,25146.0,1.207,11.91,209.0,100.0,41.0
Kazakhstan,1996,ok,1996.0,135.0,14.79,,,,,,,36.0
Kosovo,2000,ok,2880.0,360.0,8.0,,2880.0,0.446,2.82,184.0,,50.0
Liberia,2018-19,ok,2986.0,32.0,93.31,,2986.0,0.82,6.59,249.0,,99.0
Malawi,2004-05,ok,11280.0,564.0,20.0,30.0,11280.0,0.25,1.45,30.0,100.0,87.0
Malawi,2010-11,ok,12271.0,768.0,15.98,31.0,12271.0,0.692,9.2,766.0,100.0,82.0
Malawi,2013-14,ok,4000.0,204.0,19.61,31.0,4000.0,0.646,3.99,202.0,100.0,74.0
Malawi,2016-17,ok,14955.0,880.0,16.99,32.0,14955.0,1.462,25.02,2306.0,17.0,80.0
Malawi,2019-20,ok,14612.0,819.0,17.84,32.0,14612.0,1.308,18.84,2213.0,22.0,80.0
Mali,2014-15,ok,3804.0,989.0,3.85,0.0,3804.0,0.977,17.27,959.0,100.0,63.0
Mali,2017-18,ok,8390.0,953.0,8.8,47.0,8390.0,0.956,18.11,951.0,100.0,82.0
Mali,2018-19,ok,6602.0,551.0,11.98,0.0,6602.0,0.844,7.56,548.0,100.0,58.0
Mali,2021-22,ok,6143.0,513.0,11.97,0.0,6143.0,0.933,10.56,823.0,100.0,56.0
Nepal,,FAILED: PathMissingError: The path '/home/user/LSMS_Library/lsms_library/countries/Nepal/1995-96/Data/../Data/c1_nlss_public.dta' does not exist i,,,,,,,,,,
Niger,2011-12,ok,3968.0,270.0,14.7,25.0,3968.0,0.944,7.08,241.0,100.0,61.0
Niger,2014-15,ok,3558.0,270.0,13.18,0.0,3558.0,1.163,18.06,616.0,100.0,64.0
Niger,2018-19,ok,6024.0,504.0,11.95,0.0,6024.0,0.802,9.37,503.0,100.0,74.0
Niger,2021-22,ok,6622.0,555.0,11.93,0.0,6622.0,0.931,11.34,802.0,100.0,62.0
Nigeria,2010Q3,ok,5000.0,500.0,10.0,6.0,5000.0,0.642,6.68,449.0,100.0,68.0
Nigeria,2011Q1,ok,5000.0,500.0,10.0,6.0,5000.0,0.642,6.68,449.0,100.0,68.0
Nigeria,2012Q3,ok,4859.0,647.0,7.51,6.0,4716.0,0.653,7.2,472.0,96.0,68.0
Nigeria,2013Q1,ok,4859.0,647.0,7.51,6.0,4716.0,0.653,7.2,472.0,96.0,68.0
Nigeria,2015Q3,ok,4696.0,792.0,5.93,6.0,4581.0,0.654,7.1,461.0,94.0,68.0
Nigeria,2016Q1,ok,4696.0,792.0,5.93,6.0,4581.0,0.654,7.1,461.0,94.0,68.0
Nigeria,2018Q3,ok,5263.0,685.0,7.68,6.0,4976.0,1.025,11.33,513.0,27.0,67.0
Nigeria,2019Q1,ok,5263.0,685.0,7.68,6.0,4976.0,1.025,11.33,513.0,27.0,67.0
Nigeria,2023Q3,ok,5067.0,911.0,5.56,6.0,4715.0,0.924,11.15,4580.0,27.0,68.0
Nigeria,2024Q1,ok,5067.0,911.0,5.56,6.0,4715.0,0.924,11.15,4580.0,27.0,68.0
Pakistan,1991,ok,4967.0,301.0,16.5,4.0,,,,,,50.0
Panama,1997,ok,4945.0,148.0,33.41,,0.0,,,,0.0,
Panama,2003,ok,6363.0,159.0,40.02,,6363.0,0.61,8.32,572.0,100.0,
Panama,2008,ok,7045.0,817.0,8.62,,7045.0,0.642,14.98,743.0,100.0,
Peru,,no sample table,,,,,,,,,,
Senegal,2018-19,ok,7156.0,598.0,11.97,,7156.0,0.807,13.78,596.0,100.0,45.0
Senegal,2021-22,ok,7120.0,596.0,11.95,,7120.0,0.901,13.89,1012.0,100.0,45.0
Serbia,2007,ok,5557.0,510.0,10.9,6.0,5557.0,0.453,7.35,582.0,100.0,46.0
Serbia and Montenegro,2002,ok,6386.0,618.0,10.33,6.0,6386.0,0.292,11.0,62.0,0.0,45.0
Serbia and Montenegro,2003,ok,2548.0,301.0,8.47,6.0,2548.0,0.288,3.81,60.0,100.0,46.0
South Africa,1993,ok,8809.0,355.0,24.81,9.0,8809.0,0.243,7.59,25.0,100.0,50.0
Tajikistan,1999,ok,2000.0,125.0,16.0,0.0,0.0,,,,,73.0
Tajikistan,2003,ok,4160.0,208.0,20.0,0.0,4160.0,0.294,1.0,4.0,,63.0
Tajikistan,2007,ok,4860.0,270.0,18.0,9.0,4860.0,0.528,2.66,267.0,,65.0
Tajikistan,2009,ok,1503.0,167.0,9.0,9.0,1503.0,0.457,2.69,292.0,,64.0
Tanzania,2008-09,ok,3265.0,409.0,7.98,16.0,3265.0,0.591,2.32,398.0,100.0,63.0
Tanzania,2010-11,ok,3924.0,409.0,9.59,16.0,3924.0,0.685,5.42,2720.0,100.0,67.0
Tanzania,2012-13,ok,5010.0,409.0,12.25,16.0,5010.0,0.737,8.56,4568.0,100.0,64.0
Tanzania,2014-15,ok,4341.0,493.0,8.81,15.0,4339.0,1.248,31.61,1368.0,23.0,59.0
Tanzania,2019-20,ok,1184.0,247.0,4.79,49.0,1184.0,1.259,25.89,1138.0,100.0,58.0
Tanzania,2020-21,ok,4709.0,515.0,9.14,51.0,4709.0,0.828,4.46,4539.0,88.0,54.0
Timor-Leste,2001,ok,1800.0,300.0,6.0,4.0,1800.0,0.477,3.4,269.0,,61.0
Timor-Leste,2007-08,ok,4477.0,300.0,14.92,10.0,4477.0,0.839,7.55,267.0,,56.0
Togo,2018,ok,6171.0,540.0,11.43,6.0,6171.0,0.595,7.24,537.0,100.0,63.0
Uganda,2005-06,ok,3123.0,322.0,9.7,6.0,3123.0,0.45,3.31,320.0,100.0,72.0
Uganda,2009-10,ok,2975.0,656.0,4.54,6.0,2973.0,0.755,6.13,2246.0,100.0,74.0
Uganda,2010-11,ok,2716.0,324.0,8.38,6.0,2715.0,0.767,5.36,2436.0,100.0,78.0
Uganda,2011-12,ok,2850.0,321.0,8.88,10.0,2826.0,1.295,19.75,2368.0,99.0,80.0
Uganda,2013-14,ok,3119.0,706.0,4.42,10.0,3119.0,0.494,2.84,175.0,63.0,74.0
Uganda,2015-16,ok,3305.0,875.0,3.78,10.0,3256.0,0.752,11.74,1401.0,100.0,75.0
Uganda,2018-19,ok,3176.0,781.0,4.07,13.0,3176.0,1.081,12.23,206.0,94.0,75.0
Uganda,2019-20,ok,3098.0,824.0,3.76,15.0,3098.0,1.073,12.25,273.0,100.0,76.0
