Code ,2009-10,2013-14,2017-2018,Preferred Label,Agg Label,FCT Code ,FCT Code label 
1,Alchoholic Beverages,Alcoholic Beverages,Alcoholic beverages,Alcoholic beverages,Alcoholoic Beverages,12_006,Palm wine (ca. 3.8% v/v alcohol)
2,Apple,Apple,Apple,Apple,Apple,05_047,"Apple, without skin, raw"
3,Avocado Pear,Avocado/Pear,Avocado/pear,Avocado,Avocado ,05_002,"Avocado, fruit, raw"
4,Baby Food,Baby food,Baby food,Baby food,Baby Food ,10_011,"Infant formula, powder, for 3 months, fortified"
5,Baby Milk,Baby milk,Baby milk,Baby milk,Other Milk Products ,10_028,"Cheese, fresh curd, from cow’s milk"
6,Banana,Banana,Banana,Banana,Banana,05_048,"Banana, white flesh, ripe, raw"
7,Beef,Beef,Beef,Beef,Beef,07_014,"Beef meat, fatty, ca. 30% fat, raw"
8,Biscuits,Biscuits,Biscuits,Biscuits,Pastries,01_188,"Biscuit, sweet, plain, unfortified"
9,Black Pepper,Black Pepper,Black pepper,Black Pepper ,Black Pepper ,13_014,"Pepper, black"
10,"Bottled Water, Soft Drink & Ju","Bottled water, Soft Drinks, and Juices",Soft drinks and juices,Soft drinks,Non Alcoholic Beverages  ,12_012,"Juice, canned or bottled, sweetened (e.g. apple)"
11,Bread,Bread,Bread,Bread,Bread ,01_047,"Bread, wheat, white for toasting, unfortified"
12,Bush Meat/Wild Game,Bush Meat/Wild Game,Bush meat/wild game,Bush meat,Other Meat ,07_005,"Pork meat, fatty, ca. 40% fat, raw"
13,Cabbage,Cabbage,Cabbage,Cabbage,Other Vegetables ,04_005,"Cabbage, white, raw"
14,Canned/Tin Fish,Canned/Tinned Fish,Canned/tinned fish,Canned fish,Fish ,09_003,"Mackerel, fillet, raw"
15,Carrots,Carrots,Carrots,Carrots,Carrots,04_006,"Carrot, raw"
16,Cassava,Cassava,Cassava,Cassava,Cassava ,02_001,"Cassava, tuber, white flesh, raw"
17,Cassava Dough,Cassava Dough,Cassava dough,Cassava Dough ,Cassava Dough ,02_004,"Cassava, flour, from white cassava"
18,Chicken/Guinea Fowl,Chicken/Guinea Fowl,Chicken/guinea fowl,Chicken,Chicken ,07_039,"Chicken giblets, raw"
19,Chocolate,Chocolate,Chocolate,Chocolate,Other Confectionaries ,13_001,Honey
20,Coconut,Coconut,Coconut,Coconut,Coconut ,06_004,"Coconut, immature kernel, fresh, raw"
21,Coconut Oil,Coconut Oil,Coconut oil,Coconut oil,Oil and Fats ,11_006,"Margarine, fortified with vitamin A"
22,Cocoyam,Cocoyam,Cocoyam,Cocoyam,Cocoyam ,02_005,"Cocoyam, tuber, white, raw"
23,Cocoyam Leaves,Cocoyam Leaves,Cocoyam leaves (Kontomire),Cocoyam Leaves ,Cocoyam Leaves ,04_009,"Cocoyam, leaves, fresh, raw"
24,"Coffee, Tea Cocoa, Etc","Coffea, Tea, Cocoa, etc.","Coffee, tea, cocoa, etc.",Tea,Non Alcoholic Beverages  ,12_012,"Juice, canned or bottled, sweetened (e.g. apple)"
25,Cola Nuts,Cola nuts,Cola nuts,Cola nuts,Cola Nuts ,06_019,"Cola nut, dried, raw"
26,Cooked Meals $(As Wages),Cooked Meals,Cooked meals,Cooked Meals,Cooked Meals ,01_131,"Pearl millet, decorticated, boiled* (as part of a recipe)"
27,Corned Beef,Corned Beef,Corned beef,Corned Beef,Beef,07_014,"Beef meat, fatty, ca. 30% fat, raw"
28,Cowpea Beans,Cowpea beans,Cowpea beans,Cowpea beans,Beans ,03_004,"Cowpea, dry, raw"
29,,Crab,Crab,Crab,Fish ,09_003,"Mackerel, fillet, raw"
30,,Dawa dawa,Dawadawa,Dawadawa,Dawadawa,03_009,"African locust bean, dry, raw"
31,Eggs,Eggs,Eggs,Eggs,Eggs,08_005,"Egg, chicken, local breed, raw"
32,Fish,Fish,Fish,Fish,Fish ,09_003,"Mackerel, fillet, raw"
33,Flour $(Wheat),Flour,Flour,Flour,Flour,01_043,"Wheat flour, white, unfortified"
34,Game Birds,Game Birds,Game birds,Game birds,Other Meat ,07_005,"Pork meat, fatty, ca. 40% fat, raw"
35,Garden Eggs,Garden Eggs,Garden Eggs,Garden Eggs,Eggs ,08_005,"Egg, chicken, local breed, raw"
36,Gari,Gari,Gari,Gari,Gari ,02_039,"Cassava, grated, from fermented white cassava, toasted without oil (white gari)"
37,Ginger,Ginger,Ginger,Ginger,Ginger ,04_082,"Ginger, root, raw"
38,Goat Meat,Goat Meat,Goat meat,Goat meat,Goat Meat ,07_069,"Goat meat, lean, raw"
39,Maize Ground/ Corn Dough,Ground maize/corn dough,Ground maize/corn dough,Maize Dough ,Maize Dough ,01_098,"Maize dough, fermented (tô), from decorticated white maize only, cooked"
40,Groundnut Oil,Groundnut Oil,Groundnut oil,Groundnut oil,Oils and Fats ,11_006,"Margarine, fortified with vitamin A"
41,Groundnuts,Groundnuts,Groundnuts,Groundnuts,Groundnuts ,06_023,"Groundnut, Chinese, shelled, dried, raw (Ghana), n=1"
42,Guinea Corn/Sorghum,Guinea corn/sorghum,Guinea corn/sorghum,Guinea Corn ,Sorghum ,01_039,"Sorghum, whole grains, raw"
43,Honey,Honey,Honey,Honey,Other Confectionaries ,13_001,Honey
44,"Ice Cream, Ice Lollies","Ice Cream, Ice Lollies, etc.","Ice cream, ice lollies, etc.",Ice cream,Other Confectionaries ,13_001,Honey
45,Kenkey/Banku $(Without Sauce),Kenkey/banku,Kenkey/banku,Banku,Banku ,02_051,"Cassava, tuber, white flesh, boiled* (as part of a recipe)"
46,Maize,Maize,Maize,Maize,Maize ,01_060,"Maize, white, grit, degermed, raw"
47,Mango,Mango,Mango,Mango,Mango ,05_036,"Mango, deep orange flesh, raw"
48,Margarine/Butter,Margarine / Butter,Margarine/butter,Margarine,Oils and Fats ,11_006,"Margarine, fortified with vitamin A"
49,Milk $(Fresh),Milk Fresh,Milk fresh,Fresh Milk ,Fresh Milk ,10_029,"Milk, cow, whole, raw, 4.5% fat"
50,Milk $(Powder),Milk Powder,Milk powder,Milk Powder ,Milk Powder ,10_002,"Milk, cow, powder, whole, unfortified"
51,Millet,Millet,Millet,Millet,Millet ,01_018,"Pearl millet, IKMV 8201 variety, whole grains, raw (Burkina Faso), n=1"
52,Mutton,Mutton,Mutton,Mutton,Mutton ,07_072,"Lamb/mutton meat, lean, ca. 10% fat, raw"
53,Okro $(Fresh/Dried),Okro,Okro,Okro,Okro,04_004,"Okra, leaves, fresh, raw"
54,Onions $(Large/Small),Onions (large or small),Onions (large or small),Onions ,Onions,04_018,"Onion, fresh, raw"
55,Orange/Tangerine,Orange/Tangerine,Orange/tangerine,Orange,Orange ,05_016,"Orange, raw"
56,Other Beans,Other beans,Other beans,Other beans,Beans,03_004,"Cowpea, dry, raw"
57,Other Beverages,Other Beverages,Other beverages,Other Beverages ,Other Beverages ,12_024,"Carbonated drink (e.g. Coca-Cola, Sprite)"
58,Other Cereals,Other Cereals,Other cereals,Other Cereals ,Other Cereals ,01_182,"Cornflakes (breakfast cereal), unfortified"
59,Other Condiments/Spices,Other Condiments/Spices,Other condiments/spices,Other Spices ,Other Spices ,13_016,"Allspice, ground"
60,Other Confectionaries,Other Confectionaries,Other confectioneries,Other Confectionaries ,Other Confectionaries ,13_001,Honey
61,,,Other eggs/poultry,Other eggs/poultry,Eggs ,08_005,"Egg, chicken, local breed, raw"
62,,,Other fruits,Other Fruits ,Other Fruits ,05_017,"Papaya, fruit, ripe, raw"
63,,,Other meat,Other Meat ,Other Meat ,07_005,"Pork meat, fatty, ca. 40% fat, raw"
64,Other Milk Products,Other Milk Products,Other milk products,Other Milk Products ,Other Milk Products ,10_028,"Cheese, fresh curd, from cow’s milk"
65,Other Pulses And Nuts,Other pulses and nuts,Other pulses and nuts,Other pulses and nuts,Other pulses and nuts ,06_008,"Dikanut, kernel, dried, raw"
66,Other Starchy Staples,Other Starchy Staples,Other starchy staples,Other starchy staples,Other Starches ,02_015,"Taro, tuber, white, raw"
67,Other Vegetable Oils,Other Vegetable Oils,Other vegetable oils,Other vegetable oils,Oils and Fats ,11_006,"Margarine, fortified with vitamin A"
68,Other Vegetables,Other Vegetables,Other vegetables,Other Vegetables ,Other Vegetables ,04_005,"Cabbage, white, raw"
69,Palm Kernel Oil,Palm Kernel Oil,Palm kernel oil,Palm kernel oil,Oils and Fats ,11_006,"Margarine, fortified with vitamin A"
70,Palm Nuts,,Palm nuts,Palm Nuts ,Palm Nuts ,06_029,"Oil palm, nut (kernel), shelled, raw"
71,Palm Oil,Palm Oil,Palm oil,Palm oil,Oils and fats ,11_006,"Margarine, fortified with vitamin A"
72,,Palm nuts,,Palm Nuts ,Palm Nuts ,06_029,"Oil palm, nut (kernel), shelled, raw"
73,Pawpaw,Pawpaw,Pawpaw,Pawpaw,Other Fruits ,05_017,"Papaya, fruit, ripe, raw"
74,Pepper $(Fresh Or Dried),Pepper,Pepper (fresh or dried),Pepper ,Pepper ,04_049,"Pepper, sweet, green, fresh, raw"
75,Pineapple,Pineapple,Pineapple,Pineapple,Pineapple ,05_018,"Pineapple, fruit, raw"
76,Plantain,Plantain,Plantain,Plantain,Plantain ,02_042,"Plantain, ripe, ivory flesh, raw"
77,Pork,Pork,Pork,Pork,Other Meat ,07_005,"Pork meat, fatty, ca. 40% fat, raw"
78,,Prekese,Prekese,Prekese,Other Spices ,13_016,"Allspice, ground"
79,"Restaurants, Cafes, Canteens,","Restaurants, Cafes, Canteens, Hotels, Prepared Foo","Restaurants, cafes, canteens, hotels, etc.",Restaurants,Resturants ,14_002,"Pésgo né tomate zéindo (Burkina Faso)*: sauce with lamb, tomato and vegetables"
80,Rice-Imported,,Imported rice,Imported Rice ,Imported Rice ,01_037,"Rice, white, raw"
81,Rice-Local,,Local rice,Local Rice ,Local Rice ,01_065,"Rice, red native, hulled, raw"
82,,,Salt,Salt,Salt ,13_015,Salt
83,Shea Butter,Shea Butter,Shea butter,Shea butter,Oils and Fats ,11_006,"Margarine, fortified with vitamin A"
84,,Shea nuts,,Shea Nut ,Shea Nut ,06_016,"Shea nut, kernel, dried, raw"
85,,Snails,Snails,Snails,Other Meat ,07_005,"Pork meat, fatty, ca. 40% fat, raw"
86,Soya Beans,Soya beans,Soya beans,Soya beans,Beans ,03_004,"Cowpea, dry, raw"
87,"Sugar $(Cube, Granulated",Sugar,"Sugar (cube, granulated)",Sugar ,Sugar ,13_002,"Sugar, white"
88,Sugarcane,Sugarcane,Sugarcane,Sugarcane,Other Vegetables ,04_005,"Cabbage, white, raw"
89,Tinned Milk,Tinned Milk,Tinned milk,Tinned milk,Other Milk Products ,10_018,"Milk, camel, fresh"
90,Tobacco,Tobacco,Tobacco,Tobacco,Tobacco,,
91,Tomato Puree $(Canned),,Tomato puree (canned),Tomato Puree,Tomato Puree,04_066,"Tomato, paste, concentrated, without salt"
92,Tomatoes $(Fresh),Tomatoes,Tomatoes (fresh),Tomatoes,Tomatoes,04_021,"Tomato, red, ripe, raw"
93,Water Melon,Watermelon,Watermelon,Watermelon,Watermelon ,05_002,"Watermelon, fruit, raw"
94,,Wild mushrooms,Wild Mushrooms,Wild Mushrooms,Other Vegetables ,04_005,"Cabbage, white, raw"
95,Yam,Yam,Yam,Yam,Yam ,02_019,"Yam, tuber, pale, raw"